门店,门店ID,体检分
"花生活鲜花（春季花艺）	","642989	","77.0	"
"花生活鲜花（雅景花艺）	","653643	","81.0	"
"花生活鲜花（情意浓花店）	","714142	","85.0	"
"花生活鲜花（杏福花店）	","772683	","73.0	"
"花生活鲜花（花好月缘鲜花店）	","799254	","73.0	"
"花生活鲜花（卉轩鲜花礼品店）	","833749	","72.0	"
"花生活鲜花（唯美花艺）	","1330090	","58.0	"
"花生活鲜花（明珠鲜花坊）	","1523142	","79.0	"
"花生活鲜花（520鲜花园艺）	","1696175	","81.0	"
"花生活鲜花（花心苑花店）	","1937925	","68.0	"
"花生活鲜花（嘿花哨花艺）	","1971869	","84.0	"
"花生活鲜花（伊馨花坊）	","2006070	","67.0	"
"花生活鲜花（爱荷花坊）	","2019807	","53.0	"
"花生活鲜花（阳光花坊）	","2045211	","77.0	"
"花生活鲜花（花语人生）	","2068451	","67.0	"
"花生活鲜花（遇见花艺馆）	","2095123	","93.0	"
"花生活鲜花（九零花坊）	","2174771	","76.0	"
"花生活鲜花（花花世界鲜花）	","2220100	","65.0	"
"花生活鲜花（七彩坊鲜花店）	","2329256	","68.0	"
"花生活鲜花（静静花艺银盛路店）	","2402349	","72.0	"
"花生活鲜花（玫瑰坊）	","2482113	","71.0	"
"花生活鲜花（情缘鲜花店遵义店）	","2527715	","82.0	"
"花生活鲜花（品蕊花屋）	","2622811	","83.0	"
"花生活鲜花（祥和鲜花）	","2666240	","78.0	"
"花生活鲜花（创意花坊）	","2880558	","75.0	"
"花生活鲜花（小草堂花艺生活馆）	","2922099	","72.0	"
"花生活鲜花（源达花艺）	","3018522	","85.0	"
"花生活鲜花（艺都鲜花）	","3027069	","63.0	"
"花生活鲜花（如意鲜花）	","3072588	","75.0	"
"花生活鲜花（花瓣雨花坊）	","3095162	","62.0	"
"花生活鲜花（艺博花艺）	","3114926	","83.0	"
"花生活鲜花（花之恋鲜花店）	","3128450	","88.0	"
"花生活鲜花（甄阿奇花艺）	","3165468	","51.0	"
"花生活鲜花（乐派花艺）	","3174325	","64.0	"
"花生活鲜花（香侬鲜花水果）	","3464481	","63.0	"
"花生活鲜花（家美园艺）	","3468033	","92.0	"
"花生活鲜花（俪缘摆渡人）	","3562612	","49.0	"
"泽凤花店	","3713872	","75.0	"
"花生活鲜花（柔兰花艺）	","3985407	","81.0	"
"花生活鲜花（雅心花艺）	","3994932	","77.0	"
"花生活鲜花（国色天香鲜花店）	","4192177	","63.0	"
"花生活鲜花（城市花坊）	","4304946	","82.0	"
"花生活鲜花（意达鲜花店）	","4363389	","92.0	"
"花生活鲜花（玫瑰花店2店）	","4389748	","72.0	"
"花生活鲜花（晴曦花艺）	","4434657	","49.0	"
"花生活鲜花（花田故事）	","4439411	","62.0	"
"花生活鲜花（雪莲花艺）	","4464626	","80.0	"
"花生活鲜花（祥瑞花艺坊）	","4473272	","74.0	"
"花生活鲜花（陌上花开株洲店）	","4742557	","80.0	"
"花生活鲜花（阿西木花艺工作室）	","4885878	","66.0	"
"花生活鲜花（华粤鲜花馆）	","5054488	","56.0	"
"花生活鲜花（撒罗米园艺）	","5056286	","47.0	"
"花生活鲜花（贡贡鲜花坊）	","5121244	","67.0	"
"郁涧鲜花坊（七夕情人节，礼物，鲜花）	","5196478	","88.0	"
"花生活鲜花（四季花屋）	","5332337	","89.0	"
"花生活鲜花（花稼之约鲜花）	","5345425	","74.0	"
"花生活鲜花（有钱花）	","5346237	","70.0	"
"花生活鲜花（心怡花店）	","5379291	","88.0	"
"花生活鲜花（爱尚鲜花鲜花）	","5550366	","60.0	"
"花生活鲜花（仙丽鲜花）	","5565851	","61.0	"
"花生活鲜花（花香漫进）	","5582315	","65.0	"
"呆子花艺（七夕预定，告白，生日）	","5630285	","75.0	"
"花生活鲜花（成都陌上花开）	","5641328	","82.0	"
"花生活鲜花（唯爱花艺）	","5740741	","82.0	"
"花生活鲜花（厦门陌上花开）	","5762294	","88.0	"
"花生活鲜花（花家花艺鲜花店）	","5788642	","52.0	"
"花生活鲜花（达奇花艺）	","5845622	","80.0	"
"花生活鲜花（六月花坊）	","5860472	","78.0	"
"花生活鲜花（俪缘花店）	","5866954	","45.0	"
"花生活鲜花（众里寻Ta花舍）	","5962302	","74.0	"
"花生活鲜花（韦爵爷鲜花）	","6012181	","48.0	"
"白爵至尊婚庆公司・七夕鲜花	","6026797	","73.0	"
"花生活鲜花（花艺空间）	","6061744	","41.0	"
"花生活鲜花（花伴鲜花）	","6104153	","77.0	"
"花生活鲜花（艾洛芙花坊）	","6132769	","80.0	"
"花生活鲜花（翔远花艺）	","6197578	","43.0	"
"花生活鲜花（慰馨花艺馆）	","6236483	","51.0	"
"花生活鲜花（庆祝花卉）	","6305029	","89.0	"
"花生活鲜花（花述鲜花生活馆）	","6355077	","81.0	"
"花生活鲜花（倾城鲜花）	","6390095	","85.0	"
"花生活鲜花（花海）	","6395163	","93.0	"
"花生活鲜花（天缘花艺）	","6405229	","57.0	"
"花生活鲜花（漫漫鲜花坊）	","6503029	","74.0	"
"花生活鲜花（花花世界兴庆区店）	","6533841	","45.0	"
"花生活鲜花（椰林花店）	","6543684	","82.0	"
"花生活鲜花（经典鲜花蛋糕）	","6579105	","81.0	"
"花生活鲜花（七彩花艺坊）	","6582771	","85.0	"
"花生活鲜花（梅婷花店）	","6588555	","40.0	"
"花生活鲜花（唯爱花店）	","6609908	","76.0	"
"花生活鲜花（博雅鲜花店）	","6626527	","81.0	"
"花生活鲜花（萌宠一花语）	","6704550	","66.0	"
"千百卉鲜花店（七夕预定，表白，鲜花）	","6729448	","88.0	"
"花生活鲜花（o用花艺）	","6773711	","82.0	"
"花生活鲜花（花之翼）	","6773712	","77.0	"
"花生活鲜花（哈尔滨鲜花批发）	","6773713	","78.0	"
"花生活鲜花（诚信花卉）	","6773714	","83.0	"
"花生活鲜花（花城花艺）	","6773715	","85.0	"
"花生活鲜花（紫薇鲜花坊）	","6773717	","65.0	"
"花生活鲜花（好百年婚庆）	","6773719	","67.0	"
"花生活鲜花（花灵珑鲜花）	","6773720	","72.0	"
"花生活鲜花（名缘花卉）	","6773722	","61.0	"
"花生活鲜花（荣浩千寻花艺）	","6773725	","58.0	"
"花生活鲜花（水滴鲜花花艺）	","6773727	","83.0	"
"花生活鲜花（缤纷花屋）	","6773784	","85.0	"
"花生活鲜花（玫瑰花坊）	","6773938	","76.0	"
"花生活鲜花（四季花苑）	","6773939	","89.0	"
"花生活鲜花（鲜花婚庆）	","6773940	","76.0	"
"花生活鲜花（百合馆鲜花店）	","6773941	","84.0	"
"花生活鲜花（婷雅花坊）	","6774016	","86.0	"
"花开有时・七夕鲜花	","6774085	","45.0	"
"花生活鲜花（LOVE鲜花店）	","6826710	","79.0	"
"花生活鲜花（流星花园鲜花）	","6826712	","83.0	"
"花生活鲜花（倾城时光鲜花）	","6826772	","90.0	"
"花生活鲜花（花满屋）	","6865867	","81.0	"
"花生活鲜花（爱花行）	","6881023	","81.0	"
"花生活鲜花（七里香花艺）	","6882162	","70.0	"
"花生活鲜花（可可家鲜花）	","6882163	","41.0	"
"花生活鲜花（天蓉鲜花店）	","6882164	","71.0	"
"花生活鲜花（栋梁花卉）	","6882165	","80.0	"
"花生活鲜花（有间鲜花店）	","6928399	","75.0	"
"花生活鲜花（伟爵爷仪嘉花艺馆）	","6944778	","74.0	"
"花生活鲜花（韦爵爷花店）	","6952198	","76.0	"
"花生活鲜花（佳人婚庆店）	","6956267	","80.0	"
"花生活鲜花（花掌门）	","6967767	","87.0	"
"花生活鲜花（奢漫花艺）	","6968235	","81.0	"
"花生活鲜花（曼陀罗花开）	","7004308	","73.0	"
"花生活鲜花（心艺花店）	","7022271	","74.0	"
"花生活鲜花（花漾flower鲜花店）	","7022273	","59.0	"
"花生活鲜花（唯爱花坊）	","7022274	","86.0	"
"花生活鲜花（太阳红花店）	","7022275	","68.0	"
"花生活鲜花（姐姐的花店）	","7022276	","84.0	"
"花生活鲜花（萍萍花店）	","7022374	","89.0	"
"花生活鲜花（冉绘鲜花）	","7022375	","86.0	"
"花生活鲜花（鲜花批发）	","7028637	","63.0	"
"花生活鲜花（森森鲜花）	","7063793	","84.0	"
"韦爵爷生活花艺馆（七夕情人节，礼物，鲜花）	","7088807	","78.0	"
"花生活鲜花（花筵万达店）	","7093976	","80.0	"
"花生活鲜花（铭相花缘）	","7094045	","84.0	"
"花生活鲜花（绿家园艺）	","7160078	","40.0	"
"花生活鲜花（花研巧遇）	","7166109	","73.0	"
"花生活鲜花（花香鲜花店）	","7166110	","86.0	"
"花生活鲜花（蒂留香花艺）	","7166112	","66.0	"
"花生活鲜花（浪漫鲜花坊）	","7166113	","60.0	"
"花生活鲜花（韦爵爷花艺坊）	","7166116	","40.0	"
"花生活鲜花（花开相爱）	","7166264	","80.0	"
"花生活鲜花（四季春花艺美学馆）	","7194721	","81.0	"
"友缘鲜花（七夕节日，表白，鲜花）	","7196730	","88.0	"
"花生活鲜花（兰草缘花坊鲜花）	","7207842	","89.0	"
"花生活鲜花（花殿鲜花店）	","7207843	","73.0	"
"花生活鲜花（花言巧语花艺坊）	","7207845	","73.0	"
"花生活鲜花（极乐莲华鲜花）	","7207846	","85.0	"
"花生活鲜花（花匠花艺）	","7207847	","69.0	"
"花生活鲜花（原色花店）	","7207848	","81.0	"
"花生活鲜花（尚花坊）	","7207850	","76.0	"
"花生活鲜花（龙兴花艺）	","7207851	","94.0	"
"花生活鲜花（栖梧花店）	","7264470	","54.0	"
"花生活鲜花（花朝鲜花店）	","7264472	","75.0	"
"花生活鲜花（密语花坊）	","7264474	","60.0	"
"邀邀妮之鲜花店（七夕情人节，告白，生日）	","7264476	","81.0	"
"花生活鲜花（佳仪鲜花婚庆）	","7264477	","82.0	"
"花生活鲜花（槿妍花舍）	","7280704	","67.0	"
"花生活鲜花（新罗区石斛花坊）	","7310176	","74.0	"
"花梦谷花卉（七夕节日，表白，鲜花）	","7310188	","82.0	"
"花生活鲜花（筱月鲜花店）	","7311299	","61.0	"
"花生活鲜花（如意花坊银川店店）	","7317971	","71.0	"
"花生活鲜花（知音花艺）	","7317972	","79.0	"
"花生活鲜花（朵美鲜花）	","7318032	","79.0	"
"洋洋花语屋（七夕情人节，告白，生日）	","7331152	","82.0	"
"花生活鲜花（馨灵花屋）	","7349050	","86.0	"
"花生活鲜花（花聚花艺馆）	","7349051	","78.0	"
"花生活鲜花（赢聚花行）	","7349052	","52.0	"
"花生活鲜花（饰美鲜花）	","7349060	","72.0	"
"花生活鲜花（芳香花艺馆）	","7349110	","75.0	"
"花生活鲜花（非凡花艺）	","7392788	","78.0	"
"花生活鲜花（幸福花店遵义店）	","7392799	","55.0	"
"花生活鲜花（百花轩）	","7392893	","87.0	"
"花生活鲜花（花之物语花店）	","7392896	","41.0	"
"花生活鲜花（阿紫鲜花店）	","7392897	","74.0	"
"花生活鲜花（花房姑娘鲜花店）	","7392899	","64.0	"
"花生活鲜花（如意花坊济南店）	","7392900	","72.0	"
"花生活鲜花（挚爱一生鲜花店）	","7392901	","68.0	"
"花生活鲜花（花先生鲜花店）	","7392902	","72.0	"
"花生活鲜花（云槿花艺）	","7392906	","79.0	"
"花生活鲜花（玫瑰园鲜花）	","7392907	","60.0	"
"花生活鲜花（同心花艺）	","7427902	","72.0	"
"花生活鲜花（我在等你）	","7427904	","70.0	"
"花生活鲜花（水晶之恋花坊）	","7428704	","61.0	"
"花生活鲜花（印象花坊）	","7429078	","69.0	"
"花生活鲜花（幸福之花）	","7475288	","55.0	"
"花生活鲜花（馨语花屋）	","7475292	","87.0	"
"花生活鲜花（520忆花坊）	","7475293	","79.0	"
"花生活鲜花（苔米花艺）	","7475294	","83.0	"
"花生活鲜花（锦卉花艺）	","7475297	","66.0	"
"花生活鲜花（香阁丽娜）	","7475298	","86.0	"
"花生活鲜花（宇欣花店）	","7475299	","68.0	"
"花生活鲜花（花缘花店）	","7475300	","86.0	"
"花生活鲜花（百合花坊）	","7475402	","75.0	"
"花生活鲜花（艺轩鲜花）	","7514879	","82.0	"
"花生活鲜花（小姐姐花店）	","7514880	","72.0	"
"花生活鲜花（小简花艺工作室）	","7514881	","78.0	"
"花生活鲜花（倾城花屋）	","7514883	","70.0	"
"花生活鲜花（启缘花店）	","7514884	","72.0	"
"花生活鲜花（七彩花卉）	","7514886	","87.0	"
"花生活鲜花（平价鲜花坊）	","7514887	","69.0	"
"花生活鲜花（名媛花希	","7514888	","75.0	"
"花生活鲜花（米粒鲜花之家）	","7514889	","45.0	"
"花生活鲜花（金蔷薇时尚花艺）	","7514890	","83.0	"
"花生活鲜花（花之恋花卉）	","7514891	","63.0	"
"花生活鲜花（花缘轩）	","7514892	","79.0	"
"花生活鲜花（爱尚花艺）	","7514896	","87.0	"
"花生活鲜花（窑辉鲜花礼仪）	","7515286	","85.0	"
"花生活鲜花（绿如蓝花店）	","7515288	","80.0	"
"花生活鲜花（雨辉花店）	","7545487	","73.0	"
"花生活鲜花（海天花艺）	","7545488	","67.0	"
"花生活鲜花（花草堂鲜花店）	","7545489	","79.0	"
"花生活鲜花（尚品花艺）	","7545490	","75.0	"
"花生活鲜花（湛江畅通鲜花）	","7545492	","44.0	"
"花生活鲜花（柒色花艺馆）	","7545494	","55.0	"
"花生活鲜花（爱琴海鲜花店）	","7546953	","81.0	"
"花生活鲜花（爱花人）	","7622475	","54.0	"
"花生活鲜花（鲜花绿植）	","7634499	","84.0	"
"花生活鲜花（花幸福花店襄阳店）	","7641996	","87.0	"
"花生活鲜花（拾花者）	","7642002	","74.0	"
"花生活鲜花（第三居鲜花店）	","7642004	","62.0	"
"花生活鲜花（爱人鲜花）	","7642006	","81.0	"
"花生活鲜花（麦子花艺馆）	","7642070	","76.0	"
"花生活鲜花（花花世界安顺店）	","7642072	","76.0	"
"花生活鲜花（花花小娴）	","7642073	","62.0	"
"花生活鲜花（云艳花坊）	","7642074	","85.0	"
"花生活鲜花（紫罗兰花艺坊）	","7642075	","62.0	"
"花生活鲜花（百艳鲜花）	","7642076	","80.0	"
"花生活鲜花（麦花阁鲜花）	","7672370	","77.0	"
"花生活鲜花（k艺轩）	","7672411	","81.0	"
"花生活鲜花（幸福の花）	","7672419	","58.0	"
"花生活鲜花（义乌鲜花婚庆）	","7672420	","77.0	"
"花生活鲜花（绿之源花卉园艺）	","7672499	","64.0	"
"花生活鲜花（唯爱花店南宁店）	","7682068	","80.0	"
"花生活鲜花（温馨花店）	","7690567	","86.0	"
"花生活鲜花（流星花园）	","7743128	","73.0	"
"花生活鲜花（土土花店婚庆）	","7743129	","45.0	"
"花生活鲜花（静静花艺凤凰北街店）	","7743130	","76.0	"
"花生活鲜花（浪漫花语）	","7743133	","87.0	"
"别样花艺（怀柔店）	","7785891	","82.0	"
"花生活鲜花（百缘鲜花坊）	","7785893	","73.0	"
"花生活鲜花（媛媛花艺工作室）	","7785894	","46.0	"
"花生活鲜花（心愿屋鲜花店）	","7785895	","77.0	"
"花生活鲜花（湘湘鲜花蛋糕）	","7785896	","72.0	"
"花生活鲜花（芸花坊）	","7785967	","90.0	"
"花生活鲜花（馨悦花店）	","7907142	","80.0	"
"花生活鲜花（花仙子鲜花店）	","7907143	","52.0	"
"花生活鲜花（千卉阁花艺）	","7907144	","61.0	"
"花生活鲜花（艾米拉花店）	","7934066	","53.0	"
"花生活鲜花（浪漫花都）	","7934067	","44.0	"
"花生活鲜花（花艺学院）	","7934071	","66.0	"
"花生活鲜花（红玫瑰鲜花婚庆）	","7934075	","71.0	"
"花生活鲜花（夜来香鲜花）	","7934077	","79.0	"
"花生活鲜花（情缘鲜花店榆林店）	","7934078	","72.0	"
"花生活鲜花（爱轩花艺）	","7994663	","57.0	"
"花生活鲜花（项诚花艺）	","7994665	","45.0	"
"花生活鲜花（遇见花艺鲜花店）	","7994666	","84.0	"
"花生活鲜花（彩・鲜花）	","7994668	","83.0	"
"花生活鲜花（爱花坊鲜花店）	","7994671	","65.0	"
"花生活鲜花（禾木鲜花店）	","7994673	","82.0	"
"花生活鲜花（爱花居鲜花店）	","7994675	","79.0	"
"花生活鲜花（花轩子鲜花店）	","8068587	","72.0	"
"花生活鲜花（花瓣雨鲜花总汇）	","8070349	","80.0	"
"花生活鲜花（红豆情鲜花）	","8071981	","70.0	"
"花生活鲜花（三爷花店）	","8089012	","90.0	"
"花生活鲜花（清湘花坊）	","8094433	","50.0	"
"花生活鲜花（浩美鲜花礼品）	","8094434	","62.0	"
"群磊花艺	","8116641	","66.0	"
"蔚然花坊（七夕情人节，告白，鲜花）	","8197675	","76.0	"
"花生活鲜花（花叙鲜花店）	","8207107	","63.0	"
"花生活鲜花（艺尚鲜花）	","8207108	","42.0	"
"花生活鲜花（花前悦夏鲜花店）	","8207110	","46.0	"
"花生活鲜花（有家花店）	","8207111	","70.0	"
"花生活鲜花（书悦花卉）	","8207112	","82.0	"
"花生活鲜花（初吻花坊）	","8207114	","70.0	"
"花生活鲜花（暖花艺鲜花店）	","8207115	","72.0	"
"花生活鲜花（花开半夏鲜花店）	","8207118	","80.0	"
"花生活鲜花（温馨花屋鲜花店）	","8207119	","75.0	"
"馨之园鲜花（螺蛳湾店，・七夕鲜花）	","8207120	","83.0	"
"花生活鲜花（如意花坊贵阳店）	","8222414	","78.0	"
"花生活鲜花（锦绣花艺坊）	","8226888	","78.0	"
"花生活鲜花（花之韵鲜花店）	","8250903	","84.0	"
"花生活鲜花（FLOWER鲜花）	","8250905	","88.0	"
"花生活鲜花（薇花坊鲜花店）	","8250906	","40.0	"
"花生活鲜花（恋恋繁花鲜花店）	","8250907	","46.0	"
"花生活鲜花（雅鲜花店）	","8253592	","78.0	"
"花生活鲜花（花语鲜花坊花店）	","8253593	","74.0	"
"花生活鲜花（尚艺空间花艺）	","8258610	","74.0	"
"花生活鲜花（旺达鲜花店）	","8258611	","56.0	"
"初心花坊（七夕情人节，告白，鲜花）	","8258612	","80.0	"
"花生活鲜花（一品花艺）	","8278261	","83.0	"
"花生活鲜花（拾秋花店）	","8278262	","81.0	"
"绿宇花卉（七夕情人节，礼物，鲜花）	","8278263	","65.0	"
"花生活鲜花（时光对白花店）	","8278267	","79.0	"
"花生活鲜花（慧宇花屋）	","8278268	","77.0	"
"久久花店・七夕鲜花	","8278272	","70.0	"
"花生活鲜花（一间花店）	","8278275	","85.0	"
"花生活鲜花（岭铖花坊）	","8278322	","72.0	"
"花生活鲜花（莉莉鲜花店）	","8278323	","55.0	"
"花生活鲜花（翊渡花舍鲜花店）	","8278324	","40.0	"
"花生活鲜花（知心花卉）	","8278326	","51.0	"
"花生活鲜花（冬平花屋）	","8278376	","74.0	"
"花生活鲜花（罗曼蒂克花艺婚庆）	","8278380	","77.0	"
"花生活鲜花（美俪汇花艺）	","8278384	","79.0	"
"花生活鲜花（启美花卉）	","8278455	","75.0	"
"花生活鲜花（知忆花舍）	","8278456	","43.0	"
"花生活鲜花（花痴花坊）	","8278457	","58.0	"
"花生活鲜花（蝶恋花花店）	","8278459	","88.0	"
"花生活鲜花（乐陵鲜花店）	","8278460	","79.0	"
"花生活鲜花（臻挚花艺馆）	","8280405	","57.0	"
"花生活鲜花（遇见花坊）	","8280460	","89.0	"
"安宁胡子花卉店(花生活鲜花胡子花艺)	","8284382	","89.0	"
"花生活鲜花（花界花店）	","8284386	","92.0	"
"花生活鲜花（花心思鲜花店北海店）	","8357579	","86.0	"
"花生活鲜花（遇见BEAUTY）	","8357582	","89.0	"
"花生活鲜花（艺朵花艺）	","8357588	","81.0	"
"花生活鲜花（花心思花艺贵阳店）	","8357592	","77.0	"
"花生活鲜花（花源花卉）	","8357593	","75.0	"
"花生活鲜花（圣格花艺）	","8358888	","59.0	"
"花生活鲜花（水仙百合居）	","8364413	","74.0	"
"花生活鲜花（花艺坊聊城店）	","8364414	","73.0	"
"花生活鲜花（美之缘鲜花店）	","8364416	","69.0	"
"花生活鲜花（花恋社花艺）	","8364417	","80.0	"
"花生活鲜花（玫瑰之约）	","8435950	","62.0	"
"花生活鲜花（重庆四季花坊）	","8435952	","49.0	"
"有间花店・七夕鲜花	","8435953	","82.0	"
"花生活鲜花（花之都鲜花批发行）	","8435955	","76.0	"
"花生活鲜花（花之恋鲜花店）	","8435957	","92.0	"
"花生活鲜花（浪漫花都）	","8435958	","86.0	"
"花生活鲜花（玫瑰花坊）	","8435959	","78.0	"
"花生活鲜花（米莱婚礼鲜花店）	","8435960	","69.0	"
"花生活鲜花（花非花艺鲜花店）	","8435961	","52.0	"
"花生活鲜花（FlowerLife）	","8435962	","69.0	"
"卡斯曼鲜花店(衡阳先峰路店）	","8437924	","90.0	"
"花生活鲜花（花间密码鲜花店）	","8437925	","56.0	"
"花生活鲜花（金鳞花坊）	","8437926	","68.0	"
"花生活鲜花（倾城花坊）	","8437927	","66.0	"
"花之缘鲜花屋・七夕鲜花	","8442887	","82.0	"
"花生活鲜花（鲜花花之语气球DIY）	","8462158	","57.0	"
"幸福里花艺（七夕情人节，表白，鲜花）	","8471191	","79.0	"
"花生活鲜花（尘世花浓鲜花店）	","8471192	","41.0	"
"花生活鲜花（玫瑰小镇）	","8471193	","85.0	"
"花生活鲜花（红日・兰拉德鲜花）	","8471194	","69.0	"
"花生活鲜花（满千缘插花花艺）	","8471195	","41.0	"
"花生活鲜花（香谷鲜花）	","8471409	","78.0	"
"花生活鲜花（浓淋香花艺）	","8471425	","58.0	"
"心爱之语鲜花（七夕情人节，表白，鲜花）	","8471427	","85.0	"
"简爱花舍（七夕情人节，表白，鲜花）	","8472854	","72.0	"
"花生活鲜花（花宴鲜花店）	","8472855	","74.0	"
"遇见鲜花批发	","8472856	","61.0	"
"梁氏花木・七夕鲜花	","8488486	","85.0	"
"红珊瑚鲜花婚庆（七夕节日，表白，鲜花）	","8488487	","71.0	"
"爱花居晴儿鲜花（七夕情人节，告白，生日）	","8488489	","90.0	"
"花生活鲜花（茉莉花社青年路店）	","8488490	","85.0	"
"兰星花行（七夕预定，表白，鲜花）	","8492059	","73.0	"
"绿洲花店	","8492060	","44.0	"
"石林花之缘花艺・七夕鲜花	","8588168	","86.0	"
"小晴花艺（七夕情人节，告白，鲜花）	","8588169	","58.0	"
"天天鲜花	","8588170	","53.0	"
"心梦花艺	","8588171	","60.0	"
"小玲盆栽鲜花店	","8595633	","63.0	"
"馨艺花店・七夕鲜花	","8607428	","66.0	"
"最爱花坊・七夕鲜花	","8709965	","79.0	"
"紫香苑鲜花礼品坊・七夕鲜花	","8709967	","80.0	"
"听雨花坊（七夕情人节，表白，鲜花）	","8709968	","63.0	"
"鲜花礼品・七夕鲜花	","8709973	","79.0	"
"温情花艺工作室（七夕情人节，告白，鲜花）	","8709974	","80.0	"
"梵西花艺定制・七夕鲜花	","8709976	","83.0	"
"顺意鲜花店（七夕情人节，告白，生日）	","8724585	","81.0	"
"玫瑰花坊・七夕鲜花	","8743603	","62.0	"
"千寻花道生活馆（七夕预定，表白，鲜花）	","8755673	","87.0	"
"浪漫今生（七夕预定，表白，鲜花）	","8755674	","65.0	"
"勿忘我鲜花（七夕预定，表白，鲜花）	","8755676	","84.0	"
"花开一束・七夕鲜花	","8755677	","89.0	"
"青青鲜花礼品（七夕情人节，告白，生日）	","8755678	","73.0	"
"诗情花艺	","8755679	","88.0	"
"馨语鲜花（七夕情人节，表白，鲜花）	","8755680	","83.0	"
"琪琪花店（七夕情人节，表白，鲜花）	","8755682	","81.0	"
"辽宁起航（鲜花婚庆婚车）	","8764356	","87.0	"
"盛世情缘花店（七夕预定，表白，鲜花）	","8776857	","83.0	"
"水晶花房（七夕预定，表白，鲜花）	","8790380	","88.0	"
"XLREN FLORLST袭人花店	","8801124	","72.0	"
"左花生活馆（七夕预定，表白，鲜花）	","8801126	","73.0	"
"青艺鲜花（七夕情人节，表白，鲜花）	","8801127	","73.0	"
"后花园花艺（七夕预定，表白，鲜花）	","8801128	","91.0	"
"浪漫人生婚庆（七夕情人节，表白，鲜花）	","8801129	","74.0	"
"朝夕花舍	","8801607	","81.0	"
"花遇画（七夕节日，表白，鲜花）	","8803711	","81.0	"
"大顺鲜花礼仪（七夕节日，表白，鲜花）	","8803761	","75.0	"
"芳君花艺（七夕情人节，表白，鲜花）	","8803762	","85.0	"
"花唯媒	","8803763	","45.0	"
"竹蜻蜓花艺坊・七夕鲜花	","8803816	","61.0	"
"唯爱花艺・七夕鲜花	","8804150	","71.0	"
"花生活鲜花（卓伊鲜花青秀区店）	","8806172	","72.0	"
"木棉花花艺（七夕情人节，告白，鲜花）	","8818185	","86.0	"
"栗子花店（七夕预定，表白，鲜花）	","8822565	","87.0	"
"鸢尾花艺坊（七夕预定，表白，鲜花）	","8849777	","89.0	"
"意达鲜花店（七夕节日，表白，鲜花）	","8849779	","77.0	"
"约定花行（七夕节日，表白，鲜花）	","8849782	","65.0	"
"世纪花苑（七夕预定，表白，鲜花）	","8849785	","43.0	"
"简一鲜花（七夕预定，表白，鲜花）	","8849786	","64.0	"
"栀子花卉（七夕情人节，礼物，鲜花）	","8849787	","39.0	"
"鲜花店（七夕情人节，表白，鲜花）	","8849788	","79.0	"
"朝花夕拾花艺（七夕情人节，告白，鲜花）	","8849789	","96.0	"
"花无缺鲜花(花生活鲜花林州店)	","8849837	","89.0	"
"玫瑰花店（七夕预定，表白，鲜花）	","8863767	","63.0	"
"花仙子花坊（七夕节日，表白，鲜花）	","8865559	","89.0	"
"清原鲜花批发（七夕情人节，告白，生日）	","8865561	","81.0	"
"花语轩（七夕情人节，表白，鲜花）	","8866729	","93.0	"
"佳怡鲜花批发（七夕情人节，礼物，鲜花）	","8881539	","56.0	"
"20.时光（七夕情人节，礼物，鲜花）	","8902541	","88.0	"
"七彩花店	","8902544	","82.0	"
"e彩鲜花（七夕情人节，告白，鲜花）	","8902545	","74.0	"
"小姐姐的花店（七夕情人节，告白，鲜花）	","8902546	","41.0	"
"玫瑰花屋・七夕鲜花	","8902547	","77.0	"
"幸福花店（七夕预定，表白，鲜花）	","8902548	","68.0	"
"千卉阁花艺（七夕节日，表白，鲜花）	","8902595	","82.0	"
"花掌门	","8903255	","47.0	"
"钟爱一生婚庆策划	","8958023	","72.0	"
"蓝星星花屋（七夕情人节，表白，鲜花）	","8958024	","76.0	"
"花时花开	","8958026	","62.0	"
"芙蓉仙鲜花店（七夕情人节，礼物，鲜花）	","8958027	","77.0	"
"时尚花店	","8958028	","74.0	"
"花友鲜花（七夕情人节，礼物，鲜花）	","8958029	","74.0	"
"不忘初心花艺・七夕鲜花	","8958030	","86.0	"
"香阁丽娜（七夕情人节，告白，生日）	","8958031	","74.0	"
"满园春色花行（七夕预定，表白，鲜花）	","8958033	","73.0	"
"一心花社・七夕鲜花	","8958034	","42.0	"
"小燕子花艺（七夕情人节，礼物，鲜花）	","8958944	","57.0	"
"鲜花屋婚庆馆・七夕鲜花	","8959308	","82.0	"
"花为媒鲜花店（七夕预定，表白，鲜花）	","8959450	","72.0	"
"花样屋・七夕鲜花	","8959451	","72.0	"
"完美花艺喜铺（七夕预定，表白，鲜花）	","8959452	","65.0	"
"密朗格蛋糕鲜花（七夕情人节，告白，生日）	","8963601	","62.0	"
"四季花港鲜花婚庆（七夕情人节，礼物，鲜花）	","8970947	","72.0	"
"花度花艺（七夕情人节，礼物，鲜花）	","8982838	","76.0	"
"花点心思（七夕情人节，告白，鲜花）	","8983871	","63.0	"
"富康蛋糕店	","8983872	","76.0	"
"花度鲜花	","8983873	","41.0	"
"802花店（七夕情人节，告白，生日）	","8983874	","87.0	"
"熹媛（七夕情人节，告白，生日）	","8983876	","78.0	"
"花管家鲜花批发	","8983877	","50.0	"
"鹿角花坊（七夕情人节，告白，鲜花）	","8983878	","63.0	"
"绿荫花店・七夕鲜花	","8985806	","80.0	"
"馨语鲜花（七夕预定，表白，鲜花）	","8986583	","83.0	"
"如意花店（七夕情人节，告白，生日）	","8989546	","83.0	"
"鸳鸯鲜花店（七夕情人节，礼物，鲜花）	","8989547	","86.0	"
"千雅鲜花	","8989549	","82.0	"
"佰花草（七夕情人节，告白，生日）	","8989667	","74.0	"
"未晚花艺（七夕情人节，礼物，鲜花）	","9022886	","71.0	"
"百合恋鲜花庆典	","9022887	","56.0	"
"壹花境@秘密花园（七夕预定，表白，鲜花）	","9022888	","82.0	"
"馨语花坊・七夕鲜花	","9022889	","87.0	"
"守慧花坊（七夕节日，表白，鲜花）	","9022890	","45.0	"
"小芳鲜花	","9022891	","83.0	"
"天晨花艺・七夕鲜花	","9023336	","83.0	"
"扬子花坊・七夕鲜花	","9030472	","76.0	"
"浪漫花坊（七夕情人节，礼物，鲜花）	","9047238	","78.0	"
"花点时间（七夕节日，表白，鲜花）	","9047506	","58.0	"
"紫藤花坊	","9049510	","55.0	"
"花瓣雨・七夕鲜花	","9056788	","87.0	"
"拾间花艺	","9068700	","42.0	"
"花之语鲜花店	","9074918	","89.0	"
"公园鲜花店	","9074934	","62.0	"
"十三花艺奶茶馆（七夕预定，表白，鲜花）	","9074936	","80.0	"
"七彩鲜花花店（七夕节日，表白，鲜花）	","9075020	","84.0	"
"二棵树花店（七夕预定，表白，鲜花）	","9075074	","79.0	"
"辉辉鲜花（七夕情人节，表白，鲜花）	","9075075	","63.0	"
"向阳花卉・七夕鲜花	","9075147	","48.0	"
"爱尚花屋（七夕节日，表白，鲜花）	","9096059	","79.0	"
"馨悦花店	","9096062	","77.0	"
"俪缘花店（七夕情人节，表白，鲜花）	","9096064	","82.0	"
"花栈鲜花店（七夕预定鲜花、表白、生日）	","9096605	","88.0	"
"R证位ǖ辏ㄆ呦η槿私冢表白，鲜花）	","9098574	","50.0	"
"二小鲜花篮（七夕情人节，表白，鲜花）	","9100492	","63.0	"
"心愿花屋（一分店）	","9100495	","80.0	"
"一家花艺（七夕节日，表白，鲜花）	","9106749	","72.0	"
"阳光花坊	","9107960	","51.0	"
"鸿恩花行（七夕节日，表白，鲜花）	","9108413	","87.0	"
"创意鲜花（七夕情人节，礼物，鲜花）	","9111022	","84.0	"
"点点花语（七夕情人节，表白，鲜花）	","9111024	","83.0	"
"花花世界（七夕预定，表白，鲜花）	","9111025	","75.0	"
"世锦鲜花（七夕情人节，告白，生日）	","9111026	","63.0	"
"花心花卉（七夕情人节，礼物，鲜花）	","9131459	","93.0	"
"悦尚鲜花（霄边大街店）	","9131461	","60.0	"
"花之洋花卉・七夕鲜花	","9131462	","63.0	"
"I DO鲜花・七夕鲜花	","9131463	","83.0	"
"花之恋鲜花婚庆（七夕节日，表白，鲜花）	","9132248	","80.0	"
"汇芳缘花坊	","9132249	","67.0	"
"琼瑛花坊	","9138121	","64.0	"
"圣洁鲜花（七夕节日，表白，鲜花）	","9138122	","80.0	"
"雏菊花艺	","9139411	","41.0	"
"石楠鲜花（七夕预定，表白，鲜花）	","9139412	","76.0	"
"花亭园艺（七夕情人节，表白，鲜花）	","9139414	","80.0	"
"灯火花舍（七夕预定，表白，鲜花）	","9139809	","71.0	"
"有间花店（七夕情人节，礼物，鲜花）	","9159613	","88.0	"
"花坞鲜花绿植店	","9217388	","72.0	"
"牵手鲜花店（七夕情人节，礼物，鲜花）	","9217390	","78.0	"
"茗馨花坊（七夕情人节，告白，鲜花）	","9217391	","76.0	"
"维维花坊	","9217392	","69.0	"
"爱恋婚庆花艺	","9217393	","66.0	"
"花店	","9217394	","64.0	"
"花生活鲜花（婚礼策划）	","9217395	","77.0	"
"花时尚	","9217427	","70.0	"
"情之源花艺（七夕情人节，告白，生日）	","9220398	","72.0	"
"有间花坊（七夕情人节，表白，鲜花）	","9221114	","85.0	"
"明明鲜花店（七夕情人节，礼物，鲜花）	","9221143	","58.0	"
"香百合鲜花（七夕节日，表白，鲜花）	","9221144	","71.0	"
"卧龙鲜花坊（车站南路店）	","9221145	","73.0	"
"怡芬花店	","9221147	","73.0	"
"楼兰花卉生活馆（新城店）	","9221356	","60.0	"
"四叶草鲜花店	","9221395	","80.0	"
"悦尚鲜花（建设路店）	","9221396	","74.0	"
"一间鲜花店（七夕情人节，表白，鲜花）	","9224328	","77.0	"
"院子花艺（毕节老车站分店）	","9224608	","81.0	"
"同城花艺（七夕情人节，告白，生日）	","9228345	","72.0	"
"那朵花儿・七夕鲜花	","9228346	","81.0	"
"花之舞花艺	","9228402	","48.0	"
"悠悠花坊	","9228404	","68.0	"
"夜来香鲜花（七夕节日，表白，鲜花）	","9228406	","81.0	"
"仙丽鲜花	","9228671	","40.0	"
"花拾间	","9228737	","84.0	"
"花铺	","9228743	","51.0	"
"花园鲜花（七夕预定，表白，鲜花）	","9230084	","58.0	"
"娅娅花艺（七夕节日，表白，鲜花）	","9230086	","75.0	"
"花花世界鲜花坊（七夕情人节，礼物，鲜花）	","9230140	","79.0	"
"情之缘鲜花超市	","9230141	","86.0	"
"皇的花园（七夕节日，表白，鲜花）	","9231498	","78.0	"
"鑫缘花店（七夕预定，表白，鲜花）	","9250522	","85.0	"
"花香约	","9257822	","35.0	"
"小雨点花屋（七夕情人节，告白，生日）	","9257823	","75.0	"
"爱吧鲜花店	","9267505	","80.0	"
"槿妍花舍	","9267506	","48.0	"
"浪漫花屋	","9267507	","76.0	"
"福俊王花艺	","9267508	","52.0	"
"有家花店	","9267509	","41.0	"
"苏悦鲜花店（七夕情人节，礼物，鲜花）	","9267510	","58.0	"
"花儿朵朵	","9267511	","59.0	"
"锦相苑花卉	","9267541	","78.0	"
"觅花者（七夕预定，表白，鲜花）	","9268475	","83.0	"
"伊人婚庆（七夕情人节，告白，生日）	","9268477	","76.0	"
"花甜蜜（花生活鲜花店）	","9268478	","52.0	"
"尚典花艺（七夕情人节，表白，鲜花）	","9271168	","70.0	"
"花生活鲜花（菲菲花坊）	","9271170	","85.0	"
"墨香阁花饰礼仪（七夕节日，表白，鲜花）	","9271171	","55.0	"
"中菲鲜花・七夕鲜花	","9271466	","68.0	"
"韦爵爷生活花艺馆（七夕节日，表白，鲜花）	","9272478	","77.0	"
"花生活鲜花（凯悦花卉顺义店）	","9272664	","85.0	"
"好心情花艺（七夕情人节，礼物，鲜花）	","9287578	","89.0	"
"迷你鲜花店	","9287579	","75.0	"
"缘来	","9287581	","77.0	"
"鸟语花香花艺馆（七夕情人节，告白，生日）	","9287583	","63.0	"
"大象园艺（七夕情人节，告白，鲜花）	","9287646	","84.0	"
"云朵鲜花（重庆路店）	","9288056	","42.0	"
"有道设计花艺（花生活鲜花店）	","9288059	","50.0	"
"思之恋花坊	","9288061	","59.0	"
"迷雾花园高端婚礼花艺私人定制（七夕情人节，礼物，鲜花）	","9288062	","66.0	"
"华鹏花卉鲜花（道城路店）	","9288063	","75.0	"
"爱尚花艺鲜花（银座店）	","9288064	","87.0	"
"花漾年华（文化街店）	","9288065	","67.0	"
"安琪花店（七夕情人节，礼物，鲜花）	","9288151	","65.0	"
"有你知花（七夕情人节，告白，生日）	","9288206	","78.0	"
"时尚花艺（七夕情人节，告白，生日）	","9288508	","44.0	"
"红果心悦花艺（七夕情人节，礼物，鲜花）	","9291611	","78.0	"
"鲜花（解放北路店）	","9298120	","84.0	"
"亮亮鲜花婚庆・七夕鲜花	","9302112	","61.0	"
"花艺生活馆（七夕节日，表白，鲜花）	","9310275	","65.0	"
"花兮花店	","9318309	","65.0	"
"红玫花坊（七夕情人节，礼物，鲜花）	","9343729	","84.0	"
"花悦鲜花店・七夕鲜花	","9346976	","83.0	"
"鲜花坊・七夕鲜花	","9346978	","57.0	"
"有家花店（七夕节日，表白，鲜花）	","9346979	","58.0	"
"忆花时间（七夕情人节，礼物，鲜花）	","9346982	","83.0	"
"爱菲尔鲜花蛋糕店（七夕情人节，告白，生日）	","9346983	","75.0	"
"爱琴海（七夕情人节，表白，鲜花）	","9346984	","66.0	"
"温馨花艺（七夕情人节，礼物，鲜花）	","9346985	","52.0	"
"那一朵花坊・七夕鲜花	","9346986	","71.0	"
"花溪畔花艺生活馆	","9346988	","78.0	"
"蓝飞雁花艺吧（七夕情人节，告白，鲜花）	","9347419	","73.0	"
"鲜花工作室（七夕情人节，礼物，鲜花）	","9347479	","72.0	"
"萱萱花都婚庆	","9348645	","83.0	"
"欣悦花坊（七夕情人节，礼物，鲜花）	","9348647	","81.0	"
"爱尚花艺生活馆（七夕预定，表白，鲜花）	","9356229	","48.0	"
"陌上花开	","9356230	","60.0	"
"花花小姐（七夕情人节，表白，鲜花）	","9363285	","73.0	"
"一生之爱鲜花店（七夕情人节，表白，鲜花）	","9370361	","49.0	"
"满天星花卉・七夕鲜花	","9372605	","70.0	"
"百合花艺（七夕情人节，表白，鲜花）	","9387015	","78.0	"
"花生活・_m时尚花艺	","9387017	","75.0	"
"蔷薇花艺坊（七夕情人节，告白，生日）	","9388448	","77.0	"
"花生活鲜花（寻花集花艺）	","9389059	","84.0	"
"Too兔花艺（七夕节日，表白，鲜花）	","9393698	","70.0	"
"敏盈花店（七夕情人节，告白，生日）	","9393830	","73.0	"
"梦想花园（七夕预定，表白，鲜花）	","9393930	","84.0	"
"花开娜时花卉・七夕鲜花	","9393931	","74.0	"
"心语鲜花	","9393932	","75.0	"
"田原花店（七夕情人节，表白，鲜花）	","9393934	","90.0	"
"花无缺鲜花绿植	","9393935	","61.0	"
"挚爱一生（七夕情人节，告白，鲜花）	","9393936	","75.0	"
"花店（七夕情人节，礼物，鲜花）	","9393938	","82.0	"
"锦喜汇2花艺婚庆	","9393939	","87.0	"
"花之薏花店（七夕情人节，告白，生日）	","9394178	","80.0	"
"花千树花艺（七夕情人节，告白，生日）	","9394180	","53.0	"
"花之屋（七夕情人节，告白，生日）	","9394557	","50.0	"
"拾光花艺（七夕节日，表白，鲜花）	","9394617	","81.0	"
"兰亭花屿	","9394618	","75.0	"
"花生活鲜花（鑫缘花店）	","9394619	","78.0	"
"新光鲜花批发（七夕节日，表白，鲜花）	","9398933	","84.0	"
"袭人花店（七夕预定，表白，鲜花）	","9409923	","54.0	"
"花生活鲜花（花样年华）	","9409927	","81.0	"
"花坞鲜花绿植店	","9412648	","77.0	"
"瑞瑞鲜花坊（七夕情人节，告白，生日）	","9412649	","81.0	"
"花之蜜语花艺（七夕节日，表白，鲜花）	","9412651	","80.0	"
"时简鲜花店・七夕鲜花	","9412870	","62.0	"
"花生活鲜花（阳光花坊鲜花店）	","9413713	","61.0	"
"花匠・七夕鲜花	","9414380	","86.0	"
"8号花舍鲜花（七夕情人节，告白，生日）	","9415134	","85.0	"
"鲜花婚庆复印	","9415135	","69.0	"
"花样屋・七夕鲜花	","9415136	","70.0	"
"幸福来鲜花婚庆（七夕情人节，告白，鲜花）	","9415189	","52.0	"
"德国花店（七夕情人节，表白，鲜花）	","9415190	","62.0	"
"世纪缘（七夕情人节，告白，鲜花）	","9415227	","83.0	"
"情之缘花店（七夕情人节，告白，生日）	","9415374	","74.0	"
"远尚花卉（七夕情人节，表白，鲜花）	","9415375	","75.0	"
"百花源・七夕鲜花	","9415524	","82.0	"
"君子兰花艺（七夕预定，表白，鲜花）	","9418486	","75.0	"
"遇见你花艺	","9421703	","70.0	"
"蝶之恋花坊（七夕情人节，礼物，鲜花）	","9426611	","84.0	"
"博艺坊・七夕鲜花	","9426612	","63.0	"
"巧遇・七夕鲜花	","9426613	","77.0	"
"春天鲜花（七夕情人节，礼物，鲜花）	","9426694	","68.0	"
"家美花卉水族馆・七夕鲜花	","9434509	","87.0	"
"馨缘花店	","9436622	","72.0	"
"花意浓・七夕鲜花	","9437456	","79.0	"
"顺利花行（七夕情人节，告白，鲜花）	","9447212	","63.0	"
"花田舍（七夕预定，表白，鲜花）	","9448370	","86.0	"
"时光?花里鲜花店	","9448534	","82.0	"
"友琦鲜花店	","9456530	","50.0	"
"花乡・七夕鲜花	","9465243	","67.0	"
"爱尚花艺鲜花	","9466729	","85.0	"
"花里花礼・七夕鲜花	","9466732	","66.0	"
"应姐鲜花店（七夕情人节，告白，生日）	","9466734	","75.0	"
"百花谷鲜花店	","9466735	","46.0	"
"梦缘鲜花店・七夕鲜花	","9466736	","88.0	"
"花言草语・七夕鲜花	","9466737	","88.0	"
"花堡・七夕鲜花	","9469052	","76.0	"
"千色花艺（七夕情人节，礼物，鲜花）	","9470898	","71.0	"
"160花艺（七夕预定，表白，鲜花）	","9472367	","86.0	"
"忘不了花店	","9474014	","89.0	"
"时空花盟花艺馆・七夕鲜花	","9475394	","84.0	"
"运通花艺（七夕情人节，告白，生日）	","9475395	","63.0	"
"小敏花坊	","9475397	","58.0	"
"今朝有约（七夕预定，表白，鲜花）	","9477388	","53.0	"
"花房鲜花（七夕情人节，告白，生日）	","9480894	","60.0	"
"花漾年华・七夕鲜花	","9480898	","71.0	"
"鑫苑花坊・七夕鲜花	","9485288	","87.0	"
"想念花屋	","9485670	","58.0	"
"金娃娃鲜花（七夕情人节，礼物，鲜花）	","9486500	","78.0	"
"琦彩鲜花店（七夕情人节，告白，鲜花）	","9490932	","84.0	"
"鼎胜花艺设计	","9490933	","78.0	"
"田歆花艺馆・七夕鲜花	","9490934	","71.0	"
"茗蔓花艺（七夕情人节，告白，鲜花）	","9490941	","69.0	"
"beriscouture（七夕预定，表白，鲜花）	","9490944	","78.0	"
"初心花坊・七夕鲜花	","9490946	","77.0	"
"No.1花艺美学馆	","9494098	","81.0	"
"幸福驿站鲜花（七夕情人节，告白，鲜花）	","9500719	","88.0	"
"吉祥花店（七夕预定，表白，鲜花）	","9517329	","71.0	"
"鲜花主题创意坊（七夕情人节，礼物，鲜花）	","9517330	","70.0	"
"花无缺鲜花（七夕情人节，礼物，鲜花）	","9517418	","80.0	"
"三角形花艺（蓝色港湾店）	","9524463	","56.0	"
"百花心事（七夕预定，表白，鲜花）	","9524465	","84.0	"
"海岱鲜花店・七夕鲜花	","9524632	","57.0	"
"含笑花坊	","9529961	","68.0	"
"春拾花稀て呦ο驶	","9529967	","77.0	"
"美尚美鲜花	","9529969	","45.0	"
"碧玉鲜花店（七夕预定，表白，鲜花）	","9529970	","86.0	"
"满天星鲜花・七夕鲜花	","9529971	","76.0	"
"馨语鲜花店（七夕节日，表白，鲜花）	","9530565	","86.0	"
"华艺鲜花（七夕情人节，告白，鲜花）	","9531956	","84.0	"
"梁氏花艺（七夕情人节，礼物，鲜花）	","9531957	","81.0	"
"佳缘花艺（鲜花，绿植，生日，表白）	","9531959	","87.0	"
"一家花店・七夕鲜花	","9531960	","78.0	"
"花好月圆（七夕情人节，告白，鲜花）	","9534946	","66.0	"
"花市花乡（七夕情人节，表白，鲜花）	","9536748	","63.0	"
"丽人鲜花婚庆（七夕预定，表白，鲜花）	","9547684	","75.0	"
"花颜花艺・七夕鲜花	","9548187	","82.0	"
"百合缘花艺・七夕鲜花	","9548188	","73.0	"
"真爱花艺（七夕节日，表白，鲜花）	","9548189	","63.0	"
"花颜草语花坊	","9548190	","43.0	"
"芳华花艺（七夕情人节，礼物，鲜花）	","9553653	","85.0	"
"丘比特鲜花	","9553728	","44.0	"
"俪缘鲜花生活馆（七夕预定，表白，鲜花）	","9553744	","80.0	"
"鑫源鲜花店・七夕鲜花	","9553866	","67.0	"
"温馨鲜花店	","9561202	","72.0	"
"花生活鲜花（红绿蓝鲜花）	","9566662	","84.0	"
"小仙女花艺・七夕鲜花	","9566664	","85.0	"
"幸福花艺婚庆店・七夕鲜花	","9566665	","77.0	"
"瑾萱花艺	","9566666	","74.0	"
"花花花鲜花店・七夕鲜花	","9566668	","77.0	"
"朝花夕拾・七夕鲜花	","9566669	","47.0	"
"红苑鲜花庆典（七夕预定，表白，鲜花）	","9566670	","69.0	"
"倾城花艺（七夕预定，表白，鲜花）	","9566671	","78.0	"
"花好月圆・七夕鲜花	","9567829	","78.0	"
"喜＋喜花艺（七夕情人节，告白，鲜花）	","9577701	","84.0	"
"众丽花店（七夕情人节，礼物，鲜花）	","9578992	","72.0	"
"好日子花艺（七夕情人节，礼物，鲜花）	","9578994	","79.0	"
"制谈叨讼驶ㄆ球party（七夕预定，表白，鲜花）	","9579820	","72.0	"
"百花园・七夕鲜花	","9580543	","80.0	"
"花伴鲜花	","9580569	","87.0	"
"幸福花艺（七夕情人节，告白，生日）	","9582261	","62.0	"
"那一朵花店（七夕情人节，告白，生日）	","9586794	","80.0	"
"名花有主	","9586796	","40.0	"
"FLOWER涤颉て呦ο驶	","9586798	","45.0	"
"有间花店（七夕情人节，告白，生日）	","9586799	","81.0	"
"溢清园花卉・七夕鲜花	","9586801	","79.0	"
"喜盈盈	","9586803	","59.0	"
"幸福满屋花艺・七夕鲜花	","9586880	","78.0	"
"留心花缘鲜花	","9587011	","51.0	"
"告白花艺	","9593166	","45.0	"
"世纪花缘	","9593717	","79.0	"
"沁园春（七夕预定，表白，鲜花）	","9599501	","77.0	"
"花落谁家（七夕情人节，礼物，鲜花）	","9599503	","67.0	"
"千寻花道生活馆（七夕情人节，告白，生日）	","9599505	","64.0	"
"卡斯曼花艺蛋糕（七夕情人节，礼物，鲜花）	","9599507	","75.0	"
"时尚鲜花・七夕鲜花	","9599508	","72.0	"
"木上・花（七夕节日，表白，鲜花）	","9599509	","80.0	"
"时光花里（七夕情人节，礼物，鲜花）	","9599510	","73.0	"
"成昊花木（七夕预定，表白，鲜花）	","9599512	","46.0	"
"花艺空间・七夕鲜花	","9601176	","75.0	"
"花语堂花店（七夕情人节，告白，鲜花）	","9602239	","46.0	"
"时光花里	","9608756	","66.0	"
"妙语花香・七夕鲜花	","9608759	","83.0	"
"浪漫花苑（七夕预定，表白，鲜花）	","9608760	","78.0	"
"花伴FLOWER・七夕鲜花	","9608762	","61.0	"
"花开相爱（七夕情人节，表白，鲜花）	","9608763	","66.0	"
"花阁・七夕鲜花	","9608764	","76.0	"
"栋梁花卉・七夕鲜花	","9608765	","70.0	"
"真爱婚庆花艺・七夕鲜花	","9608766	","62.0	"
"婷雅花坊（七夕情人节，告白，鲜花）	","9608768	","71.0	"
"花轻悦鲜花店	","9608866	","72.0	"
"兴燕鲜花批发（七夕情人节，告白，生日）	","9608868	","63.0	"
"海霞花艺	","9608869	","68.0	"
"雨诺花坊	","9608870	","70.0	"
"幸运小葵花艺馆（七夕情人节，告白，生日）	","9609014	","87.0	"
"娜时花开（七夕情人节，表白，鲜花）	","9615401	","76.0	"
"沾花惹草（七夕情人节，表白，鲜花）	","9615402	","66.0	"
"铂尔曼花都（七夕情人节，表白，鲜花）	","9615403	","74.0	"
"花开半夏（七夕情人节，表白，鲜花）	","9615404	","70.0	"
"花博士花屋（七夕预定，表白，鲜花）	","9615405	","47.0	"
"生如夏花（沙河西路店）	","9615406	","61.0	"
"蒽嘉花艺工作室	","9615407	","41.0	"
"俪缘花店・七夕鲜花	","9615408	","83.0	"
"潘朵拉・七夕鲜花	","9615409	","53.0	"
"陶渊芳谷	","9615410	","80.0	"
"花生活鲜花（爱丽丝）	","9615411	","79.0	"
"鲜花店	","9615414	","77.0	"
"沫沫鲜花	","9615415	","75.0	"
"瑞羽花屋	","9615417	","46.0	"
"花夫籽花店・七夕鲜花	","9616887	","63.0	"
"花生活鲜花（鲜花物语）	","9616888	","69.0	"
"温馨花艺（七夕节日，表白，鲜花）	","9616889	","73.0	"
"后花园・七夕鲜花	","9616890	","87.0	"
"匠心花艺馆・七夕鲜花	","9616920	","78.0	"
"花仙子・七夕鲜花	","9616921	","81.0	"
"花之家花坊（七夕预定，表白，鲜花）	","9616922	","85.0	"
"好百年花店（七夕情人节，告白，鲜花）	","9616923	","86.0	"
"那一朵花店	","9616924	","83.0	"
"花汐故里	","9616925	","78.0	"
"甜蜜蜜庆典	","9616926	","82.0	"
"鲜花绿植（七夕情人节，告白，生日）	","9616927	","55.0	"
"幸福花舞（七夕情人节，表白，鲜花）	","9616993	","60.0	"
"金喜缘鲜花批发・七夕鲜花	","9616994	","70.0	"
"馨语鲜花（七夕情人节，告白，生日）	","9619250	","83.0	"
"smiLe花店（七夕情人节，告白，鲜花）	","9619251	","80.0	"
"怦怦花艺（七夕情人节，告白，生日）	","9619338	","84.0	"
"甜蜜花派	","9619422	","57.0	"
"Amor花店	","9619423	","61.0	"
"天天鲜花婚庆（七夕情人节，告白，生日）	","9619424	","72.0	"
"丘比特鲜花	","9619466	","50.0	"
"花玉轩（七夕情人节，告白，生日）	","9619468	","82.0	"
"唯美鲜花园艺（七夕情人节，告白，生日）	","9619721	","75.0	"
"锦尚缘婚庆・七夕鲜花	","9620506	","69.0	"
"爱都花艺・七夕鲜花	","9620568	","73.0	"
"弗洛拉・七夕鲜花	","9620569	","74.0	"
"初见花艺	","9620570	","78.0	"
"迪艺馨花坊	","9621342	","78.0	"
"唯美鲜花园艺（七夕情人节，告白，鲜花）	","9621811	","74.0	"
"芙罗拉花艺・七夕鲜花	","9621812	","85.0	"
"花开时间	","9624708	","85.0	"
"芙罗拉花坊・七夕鲜花	","9628422	","82.0	"
"温馨花店（七夕节日，表白，鲜花）	","9629132	","77.0	"
"尚品花艺（七夕情人节，告白，生日）	","9629133	","76.0	"
"虎娃鲜花（七夕生日表白铁西店）	","9629134	","77.0	"
"月月花屋（七夕预定，表白，鲜花）	","9629135	","79.0	"
"左明利鲜花店（七夕节日，表白，鲜花）	","9629136	","68.0	"
"久久花艺（七夕节日，表白，鲜花）	","9629137	","82.0	"
"沐阳花坊（七夕情人节，礼物，鲜花）	","9629138	","82.0	"
"晓明姐姐手工花坊	","9629139	","83.0	"
"花瓣里・七夕鲜花	","9629140	","72.0	"
"心连心鲜花婚庆（七夕情人节，表白，鲜花）	","9629175	","51.0	"
"鹿角花坊（七夕情人节，告白，鲜花）	","9629176	","86.0	"
"花千朵花坊・七夕鲜花	","9629207	","74.0	"
"倾心花坊(生日鲜花丶开业花篮)	","9629955	","79.0	"
"城城婚庆鲜花店	","9630264	","87.0	"
"花鲜谷	","9630681	","56.0	"
"牵手花艺（七夕预定，表白，鲜花）	","9631770	","70.0	"
"钟爱Flower（七夕预定，表白，鲜花）	","9636922	","63.0	"
"创意花店・七夕鲜花	","9636924	","83.0	"
"花为媒鲜花店	","9636926	","83.0	"
"艺花园	","9636927	","77.0	"
"发连花艺（七夕预定，表白，鲜花）	","9636929	","74.0	"
"美誉鲜花	","9638179	","82.0	"
"四新花卉・七夕鲜花	","9644106	","63.0	"
"向日葵花店・七夕鲜花	","9647263	","74.0	"
"玫瑰园	","9647338	","66.0	"
"百合花艺（七夕节日，表白，鲜花）	","9648571	","72.0	"
"娄阑花艺	","9649135	","73.0	"
"怜花轩・七夕鲜花	","9650535	","79.0	"
"花海阁婚庆花艺	","9650538	","84.0	"
"水培花艺（七夕节日，表白，鲜花）	","9650544	","78.0	"
"刘岚鲜花	","9652804	","79.0	"
"花之园鲜花	","9653396	","76.0	"
"茉里・七夕鲜花	","9653398	","75.0	"
"袭人花店・七夕鲜花	","9653400	","84.0	"
"倾城花艺	","9653439	","67.0	"
"花开富贵・七夕鲜花	","9653440	","48.0	"
"零距离花艺	","9656666	","72.0	"
"豆蔻花坊	","9663328	","63.0	"
"鹏瞩花业	","9665018	","78.0	"
"花阁・七夕鲜花	","9670949	","69.0	"
"花开相爱・七夕鲜花	","9670951	","79.0	"
"雨花香鲜花	","9670952	","42.0	"
"喜福来鲜花	","9670955	","49.0	"
"雪艳鲜花	","9673888	","74.0	"
"玫瑰佳人花卉店	","9674535	","67.0	"
"花草集・七夕鲜花	","9675519	","55.0	"
"屯爵花卉・七夕鲜花	","9678087	","55.0	"
"喜多多婚庆	","9687527	","78.0	"
"ELOL・花舍	","9687528	","49.0	"
"湘湘鲜花坊（柴岗分店）	","9687529	","68.0	"
"一朵花艺	","9687530	","67.0	"
"梧桐雨鲜花店	","9687531	","86.0	"
"樱木花都	","9687533	","64.0	"
"花漾人生・七夕鲜花	","9687535	","82.0	"
"1花汇	","9687570	","80.0	"
"花印象花艺工作室	","9687573	","70.0	"
"遇见花艺馆	","9687574	","62.0	"
"芳汀花店・七夕鲜花	","9688007	","81.0	"
"花漾人生花店・七夕鲜花	","9688536	","57.0	"
"MissYou花艺工作室	","9688538	","78.0	"
"昕悦花房	","9691750	","65.0	"
"花嫁喜铺鲜花	","9693778	","70.0	"
"薇艺鲜花	","9703670	","50.0	"
"小鹿与花鲜花店	","9703796	","72.0	"
"栀子花开	","9704439	","76.0	"
"朝阳园艺	","9704569	","83.0	"
"铭铭花店	","9704571	","76.0	"
"花语花艺・七夕鲜花	","9704572	","83.0	"
"凡花小筑	","9704573	","81.0	"
"白洁之花	","9704574	","79.0	"
"娜时花开	","9704576	","79.0	"
"一朵	","9704578	","63.0	"
"品尚花店	","9704579	","71.0	"
"眉州花艺	","9705211	","67.0	"
"唯美花艺	","9705212	","86.0	"
"妙语花香	","9713957	","90.0	"
"星语星花坊	","9713958	","80.0	"
"佳缘花艺	","9713959	","76.0	"
"柒月拾花	","9713960	","83.0	"
"公主鲜花店	","9713961	","43.0	"
"琪琪花店	","9713962	","79.0	"
"花蓓花艺婚庆馆	","9713963	","81.0	"
"花唯媒	","9715468	","75.0	"
"紫桐鲜花	","9715470	","79.0	"
"别处生花	","9718690	","80.0	"
"花妍花语・七夕鲜花	","9720070	","84.0	"
"花开相爱	","9720811	","50.0	"
"怡情缘花生活	","9723609	","84.0	"
"唯e爱花坊	","9723610	","82.0	"
"艾诺鲜花（七夕预定，告白，生日，礼物鲜花）	","9723612	","75.0	"
"壬癸鲜花	","9724666	","71.0	"
"湘湘鲜花坊・七夕鲜花	","9725013	","79.0	"
"花阁	","9725349	","65.0	"
"美尚美花坊	","9725640	","51.0	"
"禧溪花坊	","9726130	","66.0	"
"情意浓花卉（七夕预定，表白，鲜花）	","9740903	","77.0	"
"天下花	","9740904	","69.0	"
"金百合鲜花坊	","9741754	","87.0	"
"洁子花店	","9754988	","78.0	"
"情窦初开・七夕鲜花	","9754990	","76.0	"
"禾朵花坊	","9754991	","60.0	"
"遇见花开	","9756277	","63.0	"
"四季鲜花	","9756278	","83.0	"
"花漾拾光	","9756324	","83.0	"
"花点时间	","9756325	","74.0	"
"耘梦花坊	","9756326	","77.0	"
"惜缘花业	","9756327	","71.0	"
"槿妍花舍	","9760957	","81.0	"
"花世界	","9766741	","73.0	"
"忆花谷	","9766742	","78.0	"
"花匠花艺・七夕鲜花	","9766743	","68.0	"
"彩虹花艺	","9767190	","66.0	"
"熙家花园	","9770668	","77.0	"
"四叶草（花坊）	","9771492	","77.0	"
"如意鲜花婚庆	","9775252	","88.0	"
"花好月缘	","9776746	","82.0	"
"心意花屋	","9783774	","69.0	"
"蒂留香花艺	","9785818	","70.0	"
"丽娜花卉	","9785819	","81.0	"
"唯美花艺	","9785821	","69.0	"
"偶遇花店	","9786197	","65.0	"
"花仙子鲜花	","9788858	","54.0	"
"丁马花艺	","9788967	","61.0	"
"花芊谷花艺七夕花店	","9797278	","68.0	"
"乐乐花坊	","9803683	","66.0	"
"初见花艺	","9803685	","73.0	"
"满天星花艺	","9803729	","76.0	"
"礼颂花艺	","9803730	","73.0	"
"陶莉花艺	","9805717	","60.0	"
"秘密花园	","9805758	","50.0	"
"青雀花艺	","9809260	","47.0	"
"爱之漫	","9810227	","72.0	"
