,商品名称,数量
10,红玫瑰精致花瓣一片-----自取款	,4346
0,『情人知己』11枝红玫瑰搭配满天星礼盒七夕情人节礼物鲜花店	,2602
1,『情投意合』11枝红玫瑰搭配尤加利花束七夕情人节礼物鲜花店	,1998
2,『情意绵绵』19枝红玫瑰搭配满天星礼盒七夕情人节礼物鲜花店	,1683
3,『情有独钟』11枝红玫瑰鲜花礼盒七夕情人节送女友表白礼物	,1407
5,『爱意绵绵』9枝混搭玫瑰韩式花束送女友送老婆鲜花	,1182
4,『感恩教师』5枝康乃馨搭配满天星花束教师节送老师鲜花	,1159
8,『亭亭玉立』11枝粉玫瑰配尤加利韩式花束情人节七夕礼物鲜花	,926
6,『倾城倾国』6枝红玫瑰配尤加利韩式花束七夕情人节礼物鲜花	,918
7,自取款-----精致花瓣一片	,906
9,『红艳欲滴』33枝红玫瑰搭配满天星花束七夕情人节礼物鲜花店	,900
11,天生丽质』向日葵粉康乃馨洋桔梗小花束毕业季生日鲜花礼	,856
12,『亭亭玉立』6枝粉玫瑰配尤加利韩式花束情人节七夕礼物鲜花	,773
13,『爱如潮水』11枝红玫瑰花束情人节爆款送女友鲜花店	,701
14,『一日为师』单枝向日葵搭配康乃馨花束教师节送老师鲜花	,613
15,『亭亭玉立』11枝粉玫瑰搭配尤加利韩式花束送女友送老婆鲜花	,544
19,『天生丽质』向日葵粉康乃馨洋桔梗小花束毕业季送老师送师生鲜花	,542
16,『白头相守』11枝粉玫瑰搭配满天星花束七夕情人节礼物鲜花	,530
18,『纸短情长』11枝粉玫瑰搭配尤加礼盒七夕情人节礼物鲜花店	,524
21,『心有灵犀』19枝红玫瑰搭配满天星花束七夕情人节礼物鲜花店	,517
17,『心心相印』11枝红玫瑰搭配满天星礼盒七夕情人节礼物鲜花店	,509
22,『甘棠之爱』33枝红玫瑰搭配尤加利韩式花束七夕情人节礼物鲜花	,508
20,『倾城倾国』11枝红玫瑰配尤加利韩式花束七夕情人节礼物鲜花	,500
23,『老师您辛苦了』单枝向日葵搭配尤加利花束教师节送老师鲜花	,480
24,『鸳鸯比翼』11枝粉玫瑰搭配粉玫瑰礼盒七夕情人节礼物鲜花	,425
27,『情比金坚』19枝红玫瑰精致韩式花束七夕情人节礼物鲜花店	,424
26,『岁月如歌』3枝向日葵搭配桔梗花束 送老师 情人节礼物	,420
25,『桃李芬芳』11枝香槟玫瑰搭配尤加利花束教师节礼物鲜花店	,406
31,『温香艳玉』11枝红玫瑰花搭配尤加利圣诞礼盒生日礼物鲜花店	,366
29,『眉目传情』19枝粉玫瑰搭配尤加利精致礼盒七夕情人节礼物鲜花	,364
28,『师生交心』3枝向日葵搭配桔梗精致花束教师节送老师礼物鲜花	,360
30,『倾城倾国』11枝红玫瑰配尤加利韩式花束520情人节礼物鲜花	,340
1503,可爱小熊 收藏店铺和花一起拍下 款式随机 单拍多拍无效 1个	,324
32,『挚爱』11枝红玫瑰花+2只小熊圣诞礼盒送女友闺蜜生日鲜花店	,317
34,『两厢情愿』11枝红玫瑰搭配尤加利花束七夕情人节礼物鲜花	,316
36,『美满良缘』11枝红玫瑰搭配桔梗韩式花束七夕情人节礼物鲜花	,308
33,『亭亭玉立』11枝粉玫瑰配尤加利韩式花束520情人节礼物鲜花	,306
35,『所谓伊人』11枝蓝色妖姬搭配满天星礼盒七夕情人节礼物鲜花	,304
1508,『装饰彩灯』收藏店铺和花一起拍下款式随机 单拍多拍无效1串	,284
38,『艳丽动人』19枝红玫瑰搭配桔梗韩式花束七夕情人节礼物鲜花店	,282
37,『国色天香』19枝红玫瑰精致抱抱通七夕情人节礼物鲜花店	,275
39,『鸾凤和鸣』19枝粉玫瑰搭配满天星花束七夕情人节礼物鲜花店	,269
41,『情真意切』11枝粉玫瑰搭配尤加利韩式花束七夕情人节礼物鲜花	,268
40,『艳丽夺目』52枝红玫瑰精致韩式花束七夕情人节礼物鲜花店	,262
1467,『精美贺卡』收藏店铺和花一起拍下款式随机 单拍多拍无效 1张	,254
42,『宽容做舟』11支粉康乃馨搭配尤加利花束送长辈送老师礼物鲜花	,250
44,『天长地久』19枝香槟玫瑰搭配尤加利花束七夕情人节礼物鲜花	,242
43,『倾城倾国』11枝红玫瑰搭配尤加利韩式花束送女友送老婆鲜花	,240
45,『秀丽淡雅』19枝香槟玫瑰搭配桔梗花束七夕情人节礼物鲜花店	,235
46,『惊鸿一瞥』11枝粉玫瑰搭配桔梗花束七夕情人节礼物鲜花店	,229
47,『Classic C4款』19红玫瑰鲜花+配草+2只小熊礼盒	,219
1470,『爱意绵绵』9枝混搭韩式玫瑰花束送女友送老婆鲜花	,214
48,『福禄鸳鸯』11枝蓝色妖姬搭配满天星花束七夕情人节礼物鲜花	,191
49,『瑰丽娇嫩』33枝粉玫瑰搭配满天星花束七夕情人节礼物鲜花店	,187
50,『纤尘不染』52粉玫瑰搭配满天星韩式花束七夕情人节礼物鲜花店	,183
54,『闭月羞花』21枝红玫瑰花圣诞礼盒搭配满天星生日礼物鲜花店	,181
51,『百年偕老』19枝红玫瑰搭配尤加利礼盒七夕情人节礼物鲜花店	,178
65,『天真无邪』粉色满天星小花束毕业季送老师送师生鲜花	,174
68,『美丽动人』9枝红玫瑰搭配尤加利韩式花束送女友送老婆鲜花	,174
52,『天荒地老』19枝粉玫瑰搭配满天星礼盒七夕情人节礼物鲜花店	,172
53,『师爱无边』21枝粉玫瑰+3枝向日葵花束 教师节礼物 送老师	,169
60,『豆蔻年华』11枝粉玫瑰搭配满天星花束520送女友情人节鲜花	,166
55,『爱不释手』8枝粉玫瑰+3枝白玫瑰礼盒520送女友情人节鲜花	,164
56,『花信年华』11枝香槟玫瑰搭配苹果也礼盒七夕情人节礼物鲜花店	,163
252,『店铺推荐』单枝红玫瑰自取款花束（自取款，单拍不送）	,162
59,『特价优惠』一枝向日葵搭配雏菊韩式花束特价款	,158
57,『清新高雅』19枝香槟玫瑰搭配情人草礼盒七夕情人节礼物鲜花店	,157
69,『爱丽舍』高端蓝色满天星搭配9枝白玫瑰大花束 送女友生日礼物	,154
58,『心心相印』11枝香槟玫瑰搭配桔梗韩式花束七夕情人节礼物鲜花	,154
77,『爱情永固』11枝红玫瑰搭配满天星礼盒七夕情人节礼物鲜花	,149
61,『青梅竹马』11枝红玫瑰搭配尤加利礼盒七夕情人节礼物鲜花店	,149
64,『莺莺燕燕』33枝粉玫瑰搭配满天星花束七夕情人节礼物鲜花店	,146
62,『辛勤园丁』11枝粉玫瑰搭配尤加利花束教师节礼物鲜花	,145
63,『嫁给我把』11枝红玫瑰花束情人节送女友送闺蜜鲜花店	,143
72,『情投意合』33枝粉玫瑰搭配满天星花束520送女友情人节鲜花	,141
66,『桃李满天下』11支红康乃馨搭配尤加利花束送老师礼物鲜花	,139
67,『店长推荐』3枝白玫瑰+6枝粉玫瑰花搭配满天星推荐生日鲜花店	,138
71,『平易近人』3朵向日葵搭配尤加利花束送长辈送父亲鲜花	,135
70,『伯劳飞燕』19枝香槟玫瑰搭配尤加利礼盒七夕情人节礼物鲜花	,133
91,天天想念 粉色满天星简单小花束	,132
74,『彩虹之恋』满天星鲜花 花束 送女友送闺蜜生日礼物推荐鲜花店	,131
76,『郎才女貌』33枝红玫瑰搭配黄英礼盒七夕情人节礼物鲜花店	,130
73,『天作之合』11枝香槟玫瑰搭配尤加利礼盒七夕情人节礼物鲜花店	,128
93,『店铺推荐』单枝粉玫瑰自取款花束（自取款，单拍不送）	,127
75,『海枯石烂』19枝红玫瑰搭配满天星礼盒520送女友情人节鲜花	,126
85,『枫叶流丹』11枝红玫瑰搭配白桔梗礼盒情人节送女友鲜花店	,119
83,『如花似玉』6枝粉玫瑰+3枝白玫瑰花束520送女友情人节鲜花	,119
86,『Recommend S3款』8枝白色玫瑰3枝粉色玫瑰鲜花店	,118
78,『热烈』3朵向日葵搭配洋桔梗花束毕业季送老师送同学	,113
79,『沉鱼落雁』11枝红玫瑰搭配尤加利礼盒520送女友情人节鲜花	,112
80,『老师如海』4朵向日葵搭配3枝香槟玫瑰韩式花束教师节礼物鲜花	,111
82,『芬芳馥郁』11枝红玫瑰搭配满天星花束520送女友情人节鲜花	,110
81,『一见钟情』33枝香槟玫瑰搭配桔梗花束七夕情人节礼物鲜花	,109
87,『锲而不舍』19枝粉玫瑰搭配尤加利花束520情人节礼物鲜花	,108
84,满天星『以爱为名』	,108
88,『爱情爱情』19枝红玫瑰搭配两朵百合鲜花礼盒 生日礼物爱人	,106
89,『诗和远方』11枝粉玫瑰搭配相思梅花束送闺蜜送女友鲜花店生日	,105
90,『Blue A1款』11枝蓝色玫瑰鲜花儿+配草 礼盒	,103
96,『来自星星的你』蓝色满天星礼盒520情人节礼物送女友推荐鲜花	,102
92,『店铺推荐』单枝粉玫瑰特价韩式花束自取款	,101
97,『Goddess C5款』19枝香槟玫瑰+配草+2只小熊礼盒	,101
98,『繁花满园』52枝红玫瑰搭配尤加利花束七夕情人节礼物鲜花店	,100
94,『桃花流水』19枝红玫瑰搭配满天星礼盒情人节送女友鲜花店	,99
95,『一吻便救一个人』11枝红玫瑰尤加利花束520情人节礼物鲜花	,99
99,『幽香醉人』19枝蓝色妖姬 韩式花束 七夕情人节礼物鲜花店	,95
102,『美冠群芳』香槟玫瑰搭配粉玫瑰混搭抱抱通七夕情人节礼物鲜花店	,95
101,『盛夏光年』33枝红玫瑰黑纱花束情人节送女友鲜花店	,94
100,『这一生』11枝粉玫瑰花束情人节送女友送闺蜜鲜花店	,93
103,『店铺推荐』单枝满天星特价花束自取款	,91
106,『灿若云霞』99枝红玫瑰搭配尤加利韩式花束七夕情人节礼物	,89
104,『无私的奉献』11支粉康乃馨搭配满天星礼盒送老师礼物鲜花	,89
105,『初恋的味道』9枝粉玫瑰花搭配满天星花束送闺蜜生日花鲜花店	,86
107,『咽苦吐甘』  19枝康乃馨8朵玫瑰 母亲节送妈妈送亲人	,86
108,『织女』11枝香槟玫瑰搭配苹果叶花束七夕情人节礼物鲜花	,85
111,『惊鸿一瞥』9枝粉玫瑰搭配尤加利鲜花束送女友闺生日礼物鲜花店	,85
109,『恩重如山』5枝向日葵花束 教师节礼物 送老师	,84
110,『伯劳飞燕』11枝香槟玫瑰搭配向日葵混搭花束送父亲鲜花	,84
114,『比翼双飞』33枝香槟玫瑰搭配尤加利礼盒七夕情人节礼物鲜花	,83
112,『国色天香』19枝红玫瑰配尤加利桔梗花束520情人节礼物鲜花	,81
117,『不相离』19朵香槟玫瑰礼盒 送女朋友送情人送媳妇 生日礼品	,79
113,花店推荐鲜花 19枝白玫瑰+2只小熊礼盒 送女友情人生日礼物	,77
115,『郎情妾意』33枝粉玫瑰搭配银叶菊礼盒七夕情人节礼物鲜花店	,77
116,『Classic B4款』表白神器 11枝红玫瑰+配草鲜花店	,77
119,『群芳争艳』LOVE红玫瑰精致礼盒七夕情人节礼物鲜花店	,76
121,『一生一世』520摆式红玫瑰搭配相思梅礼盒七夕情人节礼物鲜花	,75
125,『天天年年』9枝红玫瑰花鲜花束送闺蜜送女友生日礼物鲜花店	,74
152,『日常家居鲜花』3枝粉色洋桔梗（一公里内配送，不带瓶装。）	,74
118,『眉目如画』33枝红玫瑰黑纱爆款花束 送女神送女友	,74
120,『高雅素洁』19枝蓝色妖姬搭配情人草礼盒七夕情人节礼物鲜花店	,74
131,『日常家居鲜花』3枝粉玫瑰（一公里内配送，不带瓶装。）	,73
130,『粉色初恋』9枝粉玫瑰搭配满天星花束情人节爆款送女友鲜花店	,72
122,『花晨月夕』11枝红玫瑰情人节送女友送闺蜜鲜花花束	,71
123,『目成心许』11枝粉玫瑰情人节送女友送闺蜜鲜花花束	,71
126,『领路明灯』6枝康乃馨+5枝红玫瑰礼盒教师节鲜花	,71
127,『秀外慧中』11枝粉玫瑰搭配尤加利礼盒520送女友情人节鲜花	,70
124,『目不转睛』9枝粉玫瑰花束送女友生日礼物鲜花店推荐送闺蜜	,70
129,『店长推荐』精致花束红色粉色满天星	,69
128,『织女款』11枝粉玫瑰圣诞礼盒鲜花送女友闺蜜生日情人鲜花店	,69
133,『Goddess C2款』19枝戴安娜鲜花儿+配草 礼盒	,67
134,『心旷神怡』19枝红玫瑰搭配满天星礼盒520情人节礼物鲜花	,66
132,『始终如一』19枝粉玫瑰搭配相思梅礼盒520情人节礼物鲜花	,65
135,『连枝比翼』11枝香槟玫瑰搭配尤加利礼盒520情人节礼物鲜花	,65
136,『沐浴阳光』19枝粉康乃馨精致花束教师节送老师送长辈鲜花	,63
137,『春暖花开』11枝香槟玫瑰+3朵向日葵+配草花束 女神节礼物	,62
139,『清芬沁人』52枝粉玫瑰搭配红豆韩式花束七夕情人节礼物鲜花店	,62
494,『限量自取款』单枝红玫瑰简约鲜花送女友送老婆鲜花	,61
138,『恩师之情』6枝向日葵搭配龙加利花束教师节礼物鲜花	,61
151,『Niu郎款』11枝红玫瑰鲜花花束送女友闺蜜圣诞爆款鲜花店	,60
203,『日常家居鲜花』小束洋桔梗（一公里内配送）	,60
140,『Classic C5款』19枝红玫瑰鲜花+配草花束 鲜花店	,60
141,『鸳俦凤侣』19枝蓝色妖姬搭配栀子叶花束520情人节鲜花	,59
144,『日常家居鲜花』3枝红玫瑰（一公里内配送，不带瓶装。）	,58
147,『相见恨晚』11枝香槟玫瑰搭配满天星栀子叶礼盒情人节送女友	,57
145,『给你的爱』52朵红玫瑰花束 送女友送闺蜜送情人推荐	,57
1486,『超值自取款』单只康乃馨	,57
143,向日葵精美花束(限量抢购，店里自取)	,57
142,『男欢女爱』19枝粉玫瑰配黄英相思梅礼盒520情人节礼物鲜花	,57
149,『郎情妾意』11枝红玫瑰搭配相思梅礼盒情人节送女友鲜花店	,56
148,『心血滋润』11枝粉玫瑰搭配尤加利礼盒教师节送老师礼物鲜花	,56
146,『伉俪情深』19枝蓝色妖姬搭配尤加利礼盒520情人节礼物鲜花	,56
150,『父母恩勤』4朵向日葵搭配洋桔梗花束毕业季送老师送同学	,56
153,『柔情密意』11枝粉玫瑰搭配苹果叶礼盒七夕情人节礼物鲜花	,55
159,『情深似海』混搭满天星鲜花花束 送女友送闺蜜推荐鲜花	,55
156,『BlackyarnE2款』99枝红玫瑰花520送女友鲜花	,54
154,『如花释放』3枝向日葵搭配3枝香槟玫瑰鲜花	,53
1574,『粉色初恋』11枝粉玫瑰搭配粉色满天星韩式花束	,53
198,『店长力荐』11枝红玫瑰鲜花花束送女友送爱人生日礼物	,53
155,『一举夺魁』6朵玫瑰混搭小花束	,52
158,『雅致婉约』19枝香槟玫瑰搭配情人草礼盒520情人节礼物鲜花	,52
157,『莫半花语』33枝蓝色妖姬搭配满天星花束情人节送女友鲜花店	,52
161,『魔鬼中的天使』20朵白玫瑰花红玫瑰花混搭礼盒鲜花店爱人推荐	,52
160,『爆款推荐』9枝玫瑰混搭玫瑰花束生日送女友送闺蜜送老公鲜花店	,51
163,『觅爱追欢』19枝粉玫瑰搭配尤加利红豆花束情人节送女友鲜花店	,50
207,（自取款）随机惊喜单枝鲜花不配送哦，到店自取	,50
165,『爱你每一天』粉色满天星花束520情人节礼物送女友推荐鲜花	,50
162,『一面之荣』19枝粉玫瑰配满天星银叶菊花束520情人节鲜花	,50
164,『齿颊生香』11枝香槟玫瑰配尤加利花束520情人节礼物鲜花	,49
227,『日常家居鲜花』小束粉色满天星（一公里内配送，不带瓶装。）	,48
168,『妖娆迷人』33枝红玫瑰搭配相思梅花束520送女友情人节鲜花	,48
166,『冰雪聪明』19枝香槟玫瑰搭配尤加利花束520情人节礼物鲜花	,48
205,『日常家居鲜花』3枝白百合（一公里内配送，不带瓶装。）	,47
167,向日葵（单枝）仅限自取	,47
176,『至死不渝』满天星鲜花花束 送女友送闺蜜送情人推荐	,47
173,（自取款）单枝红玫瑰不配送哦亲	,47
170,『一生唯爱』33枝红玫瑰礼盒520送女友情人节礼物鲜花	,47
169,『柔情蜜意』19枝粉玫瑰配桔梗满天星抱抱桶520情人节鲜花	,46
175,『纤尘不染』99枝粉玫瑰韩式花束七夕情人节礼物鲜花店	,46
211,单只康乃馨	,46
1458,『天生丽质』向日葵粉康乃馨洋桔梗小花束毕业季生日鲜花礼物	,45
171,『感谢恩师』19枝红康乃馨搭配尤加利花束教师节送老师鲜花	,45
174,『爱就一个字』19枝红玫瑰花束 送亲人送闺蜜送情人推荐鲜花店	,44
172,『白头相守』11枝红玫瑰搭配尤加利花束情人节送女友鲜花店	,44
1499,『风情月意』19枝粉玫瑰搭配尤加利韩式花束七夕情人节礼物鲜花	,43
182,『邂逅之缘』33枝玫瑰黑纱包装表白花束生日礼物情人节鲜花店	,43
179,『漫天星辰』白色满天星韩式花束520情人节礼物鲜花	,42
178,『绝代佳人』11枝混搭玫瑰+满天星礼盒 女神节生日礼物	,42
177,香水百合（单支）仅限自取	,42
180,『如诗如画』52枝香槟玫瑰搭配桔梗韩式花束七夕情人节礼物	,41
184,『Goddess D9款』33枝红玫瑰+配草+2只小熊 礼盒	,41
181,『默默无闻』11支红康乃馨混搭礼盒送长辈送老师礼物鲜花	,41
209,『日常家居鲜花』3枝黄百合（一公里内配送）	,40
188,『青梅竹马』33枝粉玫瑰搭配尤加利花束520情人节礼物鲜花	,40
183,『铭记恩师』19枝粉康乃馨搭配相思梅礼盒教师节送老师鲜花	,40
185,女王款-99枝红玫瑰鲜花520送女友情人节鲜花	,40
235,『日常家居鲜花』3枝粉百合（一公里内配送，不带瓶装。）	,39
187,『天使心跳』33枝红玫瑰圣诞节推荐鲜花店	,39
186,『温宛可人』11枝蓝色妖姬搭配尤加利花束520情人节礼物鲜花	,39
192,『GoddessD1款』33枝红玫瑰鲜花儿+相思梅花束送女友	,38
189,『爱的宣言』蓝色满天星+3只粉玫瑰鲜花花束 店家主推款爆款	,38
213,『爱情契约』11枝粉色康乃馨搭配8枝玫瑰混搭花束 38女神节	,38
193,『含情默默』33枝蓝玫瑰搭配满天星花束520情人节礼物鲜花	,37
194,『怡情悦性』11枝香槟玫瑰花搭配尤加利桔梗花束送闺蜜鲜花店	,37
191,『爱情爱情』11枝红玫瑰鲜花礼盒 生日鲜花甜蜜爱人	,37
190,『含辛茹苦』3枝向日葵搭配11枝粉玫瑰花束教师节礼物鲜花	,37
197,『魂牵梦索』19枝香槟粉玫瑰混搭韩式抱抱桶520情人节鲜花	,37
195,『勤劳朴实』11支粉康乃馨搭配尤加利花束送长辈送父亲礼物鲜花	,37
201,『万里挑一』粉玫瑰搭配百合绣球手提鲜花花篮送情人 送闺蜜	,36
196,『情根爱胎』19枝红玫瑰搭配桔梗尤加利礼盒情人节送女友鲜花店	,36
202,『Black yarn C2款』52枝红玫瑰鲜花儿黑纱花束	,36
200,『店家爆款』3枝玫瑰散装 仅售1元自取款 可选颜色	,35
214,『女 神 节』11枝粉色康乃馨礼盒 女神节礼物	,35
199,『永恒的微笑』香槟玫瑰向日葵混搭鲜花花篮 送亲人 送闺蜜	,35
230,『活动特惠』11只红玫瑰花束 花店推荐鲜花 送女友生日礼物	,35
204,『纸短情长』33枝红玫瑰黑纱花束520送女友情人节鲜花	,34
212,『父严子孝』5朵向日葵搭配桔梗韩式花束送长辈送父亲鲜花	,34
206,『花容月貌』11枝红玫瑰搭配相思梅礼盒520送女友情人节鲜花	,34
218,『至善至美』11枝香槟玫瑰搭配2枝多头百合花束女神节生日礼物	,34
216,『繁花似锦』99枝红玫瑰花鲜花束送女友生日礼物圣诞节鲜花店	,33
241,3朵向日葵加6朵香槟尤加利桔梗红豆 父亲节花束 送爸爸	,33
323,『日常家居鲜花』小束白色满天星（一公里内配送，不带瓶装。）	,33
210,『Blue A3款』19枝蓝色玫瑰鲜花+配草+2只小熊 礼盒	,32
379,『日常家居鲜花』小束蓝色满天星（一公里内配送，不带瓶装。）	,32
208,『一吻便颠倒众生』11枝红玫瑰尤加利礼盒520情人节礼物鲜花	,32
233,『日常家居鲜花』小束白色雏菊（一公里内配送）	,32
219,『铭记于心』33枝粉玫瑰花搭配皇冠花束 送爱人送情人推荐鲜花	,31
217,『花色艳丽』19枝红玫瑰搭配满天星礼盒七夕情人节礼物鲜花店	,31
215,『魂牵梦萦』33枝红玫瑰搭配尤加利抱抱通七夕情人节礼物鲜花店	,31
220,『天作之合』33枝粉玫瑰搭配满天星花束520送女友情人节鲜花	,30
229,『蓬勃发展』3朵向日葵+6支香槟玫瑰花束送父亲鲜花	,30
226,『魂牵梦索』满天星鲜花花束520情人节礼物送女友推荐鲜花	,30
1488,『爱如潮水』11枝红玫瑰花束礼物生日鲜花礼物店	,29
1526,（自取款）红玫瑰不配送	,29
1473,（自取款）粉玫瑰不配送	,29
222,『店铺推荐』单枝满天星韩式小花束自取款（颜色可选）	,29
221,『一生情缘』11枝粉玫瑰搭配桔梗混搭鲜花束送女友生日礼物鲜花	,29
232,『一生有你』11枝红玫瑰搭配尤加利黑纱礼盒情人节送女友鲜花店	,29
239,『不辞劳苦』19朵粉百合搭配尤加利相思梅花束 教师节礼物	,28
223,『喜庆满堂红玫瑰+红色扶郎+尤加利+配花开业花篮一对	,28
224,『色彩耀目』99枝香槟玫瑰搭配相思梅韩式花束七夕情人节礼物	,28
225,『倾城倾国』6枝红玫瑰配尤加利韩式花束520情人节礼物鲜花	,28
228,『硕果累累』19枝粉康乃馨混搭手提花篮教师节送老师鲜花	,28
231,『千娇百媚』33枝红玫瑰搭配尤加利韩式花束情人节送女友鲜花店	,28
234,『咫尺天涯』粉玫瑰搭配乒乓菊韩式手提花篮520情人节鲜花	,28
244,『出水芙蓉』11枝粉玫瑰搭配尤加利礼盒520送女友情人节鲜花	,28
243,『身体健康』11支香槟玫瑰尤加利花束送长辈送父亲礼物鲜花	,28
1481,『花好月圆』9枝粉玫瑰花搭配尤加利花束生日鲜花礼物花店鲜花	,27
255,『美若天仙』11枝粉色康乃馨搭配多头百合花束 女神节礼物	,27
236,遇见主推款【11枝红玫瑰搭配满天星彩灯礼盒送女友送朋友鲜花】	,27
248,『犹报春归』7朵向日葵搭配2朵百合	,26
237,『嫁给我把』11枝红玫瑰花束七夕礼物送女友送闺蜜鲜花店	,26
238,『一世不移』9枝红玫瑰花搭配尤加利花束送女友送闺蜜鲜花店	,26
307,『店长力荐』11枝粉玫瑰鲜花花束送女友送爱人生日礼物	,26
240,『日常家居鲜花』3枝粉玫瑰（一公里内配送）	,26
242,『日常家居鲜花』小束粉色桔梗（一公里内配送）	,26
245,『樱花落』52枝混搭玫瑰圣诞节花束 鲜花店	,26
246,『一心一意』单只粉玫瑰波波球花束  送爱人 送情人 店长推荐	,26
299,『日常家居鲜花』小束洋甘菊（一公里内配送）	,25
267,『如隔三秋』33枝红玫瑰搭配满天星礼盒鲜花店 送女友生日礼物	,25
254,『心心念念』9枝白粉瑰混搭花束 520情人节 鲜花店爆款	,25
253,『青春永驻』11枝粉色康乃馨花束 女神节送父母礼物花束	,25
318,『日常家居鲜花』3枝白玫瑰（一公里内配送，不带瓶装。）	,25
251,『似水流年』11枝粉玫瑰搭配尤加利韩式花束情人节送女友鲜花店	,25
250,『用心爱你』19枝红玫瑰礼盒情人节送女友送闺蜜鲜花	,25
249,『美丽的你』9枝混搭玫瑰花搭配尤加利韩式花束送女友送闺蜜鲜花	,25
247,『店铺推荐』自取小花束送朋友鲜花（只支持自取，单拍不送）	,25
891,『左家娇女』草莓味棒棒糖搭配旺仔包秋天的第一个包包	,24
641,定制专用，单拍无效	,24
409,『纤尘不染』52枝粉玫瑰搭配满天星韩式花束情人节礼物鲜花店	,24
353,『福开新运』开业花篮婚礼布置结婚礼仪演唱会庆典（一对）	,24
256,『Black yarn B1款』33枝红玫瑰鲜花儿黑纱花束	,24
257,『含情脉脉』19枝红玫瑰抱抱桶520送女友情人节礼物鲜花	,24
258,『窈窕淑女』33枝红玫瑰搭配尤加利花束520送女友情人节鲜花	,24
261,『香橙』19枝香槟玫瑰礼盒鲜花送女友朋友生日礼物送闺蜜送亲人	,24
263,『爱的就是你』52枝红玫瑰高端心形礼盒 送女友生日礼物	,24
265,『诗情花艺』9枝粉玫瑰搭配粉色满天星精致花束	,23
269,『永恒的感激』11枝粉玫瑰搭配尤加利礼盒教师节送老师礼物鲜花	,23
259,『金玉良缘』33枝粉玫瑰搭配满天星韩式花束情人节送女友鲜花店	,23
260,『蝶恋花』香槟玫瑰搭配向日葵手提鲜花篮 送情人 送闺蜜	,23
262,『衣袂飘摇』33枝香槟玫瑰搭配银叶菊韩式花束	,23
271,『蓬勃发张』单层开业花篮婚礼布置开业礼仪送客户庆典（一对）	,23
264,『执子之手』33枝粉玫瑰搭配桔梗韩式花束情人节送女友鲜花店	,23
266,『繁花似锦』99枝粉玫瑰精致韩式花束七夕情人节礼物鲜花店	,23
274,『秋风送喜网红大麦开业花篮一对	,22
272,『柔情蜜意』19枝红色康乃馨搭配满天星尤加利花束38女神节	,22
270,『如星璀璨』满天星花束 糖果球抖音网红灯送女友送老婆生日礼物	,22
273,『鲜眉亮眼』33枝粉玫瑰搭配满天星花束 女神节生日礼物	,22
268,单枝红玫瑰（满60配送）	,22
321,『朝朝暮暮』99枝红玫瑰七夕送女友生日礼物情人节鲜花	,21
278,『旷世容颜』11枝香槟玫瑰搭配桔梗尤加利花束	,21
276,『可爱小熊』单买不送请与鲜花一同下单 颜色随机	,21
329,『日常家居鲜花』3枝向日葵（一公里内配送，不带瓶装。）	,21
304,『长命百岁』19枝红色康乃馨礼盒A款-生日鲜花长辈甄选	,21
282,『万事吉祥单层开业花篮一对	,21
275,『白头偕老』33枝香槟玫瑰花束520送女友情人节鲜花	,21
277,『卡拉曼达』19枝香槟玫瑰花礼盒送女友生日礼物鲜花店推荐闺蜜	,21
1513,（自取款）单枝白百合不配送自取地址昭阳路	,20
1480,『花容月貌』6枝红玫瑰花搭配尤加利花束生日鲜花礼物花店鲜花	,20
280,『万事如意』三脚架开业花篮婚礼布置庆典礼仪鲜花演唱会（一对）	,20
279,一世爱人（11枝红玫瑰搭配尤加利七夕情人节鲜花花束）	,20
537,『日常家居鲜花』3枝粉色康乃馨（一公里内配送，不带瓶装。）	,20
297,『特价促销』向日葵混搭小花束	,20
281,『Lovely D2』33枝戴安娜鲜花+配草 花束送闺蜜鲜花	,20
303,『爱的宣言』蓝色满天星+3只粉玫瑰鲜花花束 主推款爆款159	,20
283,『傲雪凌霜』33枝粉玫瑰搭配尤加利礼盒七夕情人节礼物鲜花店	,20
284,『铭记于心』33枝粉玫瑰花皇冠花束七夕送爱人情人节礼物鲜花	,20
302,『万事如意单层开业花篮一对	,20
290,『财源广进』50朵扶郎花+2朵百合特价双层开业花篮 （一对）	,20
291,到店自取限量款红玫瑰（单枝）	,19
289,『超值限购自取款』单支玫瑰	,19
386,『日常家居鲜花』小束紫色雏菊（一公里内配送）	,19
286,（满满的爱），到店自取款	,19
288,『吉祥开业』三脚架开业花篮婚礼布置结婚礼仪演唱会庆典（一对）	,19
287,『莺莺燕燕』11枝粉玫瑰两个白色绣球搭配尤加利韩式花束	,19
294,满天星『为你心动』LOVE字样 送亲人 送闺蜜 送情人推荐	,19
285,【指路明灯 】单支向日葵不配送	,19
292,『含露低垂』7枝香水百合6月花礼送女友鲜花花束	,19
293,『夜色阑珊』33枝红玫瑰搭配黄英礼盒情人节送女友鲜花店	,19
348,『日常家居鲜花』小束绿色雏菊（一公里内配送）	,19
296,『共度一生』33枝粉玫瑰搭配银叶菊韩式花束情人节送女友鲜花店	,19
310,『巧夺天工』33枝红玫瑰花搭配桂冠韩式花束送女友鼠年生日礼物	,18
325,『眉目传情』33枝红玫瑰鲜花花束 生日礼物送女友送男友鲜花店	,18
364,开业花篮B款	,18
305,『玫瑰花开』99枝红玫瑰搭配尤加利韩式花束 七夕情人节礼物	,18
301,『春风得意』11枝黄玫瑰搭配黄莺礼盒6月花礼送女友鲜花	,18
300,『亭亭玉立』6枝粉玫瑰配尤加利韩式花束520情人节礼物鲜花	,18
298,【指路明灯】单只向日葵花束精美包装	,18
322,『名满四海大麦大卖开业花蓝一对	,18
295,『夏天的风』单只向日葵 下单请到店自取	,18
1487,『道歉款』11枝红玫瑰搭配尤加利花束七夕情人节礼物鲜花店	,18
324,『缤纷』33朵混搭香槟玫瑰戴安娜玫瑰送女友送闺蜜送情人鲜花	,18
312,『钟意你』19枝香槟玫瑰搭配满天星礼盒情人节送女友鲜花店	,18
385,『宾客如云』单层开业花篮婚礼布置开业礼仪演唱会庆典（一对）	,17
1518,『师爱无边』21枝粉玫瑰+3枝向日葵韩式花束七夕情人节礼物	,17
1589,单枝粉玫瑰	,17
761,『盛夏光年』可乐味棒棒糖搭配旺仔包秋天的第一个包包	,17
363,『唯爱一生』11枝红玫瑰搭配尤加利韩式花束送女友生日鲜花	,17
308,『永远快乐』金辉玫瑰搭配向日葵鲜花花束 送闺蜜 送情人	,17
319,『百花飘香』99枝香槟搭配桔梗韩式花束七夕情人节礼物鲜花店	,17
309,【店家推荐】向日葵搭配桔梗小雏菊小花束活动爆款精致自取款	,17
314,『Black yarn D1款』66枝红玫瑰儿黑色花束	,17
340,『感天动地』19枝红玫瑰鲜花礼盒送亲人送闺蜜送情人鲜花店	,17
337,『脱颖而出』6朵向日葵搭配桔梗混搭花束毕业季礼物送老师送同学	,17
313,『超值自取款』单枝香槟玫瑰	,17
336,『一生无悔』11枝红玫瑰搭配相思梅礼盒情人节送女友送闺蜜鲜花	,17
334,『兴业长新向日葵+百合+玫瑰+桔梗开业花篮一对	,17
343,『日常家居鲜花』3枝红色康乃馨（一公里内配送，不带瓶装。）	,17
338,『Blue D1』33枝蓝色玫瑰鲜花儿+配草 花束	,17
311,『和气生财大麦大卖开业花篮一对	,17
316,『Classic D6款』19枝戴安娜粉玫瑰鲜花+配草 花束	,17
306,『诚挚的爱』11枝粉玫瑰礼盒情人节送女友情人节送闺蜜鲜花店	,17
317,『风姿卓越』11枝白玫瑰搭配桔梗花束生日礼物送女友鲜花	,17
320,『情窦初开』19枝粉玫瑰鲜花礼盒送男友 送闺蜜送亲人鲜花店	,17
315,『嫁给我吧』11枝红玫瑰花束情人节送女友送闺蜜鲜花店	,17
356,『红红火火红色扶郎+配叶韩式开业花篮一对	,16
470,单支向日葵拍照神器	,16
333,『花开那年』9朵百合搭配尤加利花束送父母送老师鲜花	,16
330,『给你的爱』52朵红玫瑰花束 送女友鲜花店	,16
367,『相伴一生』红袖蓝色绣球手提鲜花花篮 送亲人 送闺蜜	,16
630,『青女素娥』粉色满天星搭配99棵棒棒糖花束送女友送爱人	,16
331,『一生一世』大束蓝色满天星浪漫白纱款 送人鲜花 送女友鲜花店	,16
328,『痴心』11枝红玫瑰花礼盒 送女友鼠年朋友生日礼物送女友	,16
362,『绚丽多彩』LOVE蓝色妖姬精致礼盒七夕情人节礼物鲜花店	,16
327,『情深意切』11枝红玫瑰搭配尤加利花束七夕情人节礼物鲜花店	,16
326,『漫天星空』蓝色满天星搭配星空球花束情人节送女友鲜花店	,16
332,『一生的信念』19枝蓝色妖姬搭配黄莹送女友闺蜜生日礼物鲜花店	,16
335,『唯爱一人』19枝红玫瑰搭配尤加利花束520情人节礼物鲜花	,16
382,『道歉款』33枝混搭玫瑰鲜花礼盒 送女友送闺蜜送情人生日礼物	,15
346,『从教无私』11枝香槟玫瑰+2枝向日葵搭配满天星花束教师节	,15
1471,『锦上添花』9枝粉玫瑰花韩式花束生日鲜花礼物花店鲜花	,15
347,『私人订制』包装花束礼盒请联系客服	,15
339,『念念不忘』33枝粉玫瑰搭配尤加利抱抱桶520情人节礼物鲜花	,15
1466,『如花似玉』9枝粉玫瑰花搭配尤加利花束生日鲜花礼物花店鲜花	,15
349,『鸾凤和鸣』19枝红玫瑰表白款抱抱桶生日情人节送闺蜜鲜花店	,15
350,『爱的就是你』11枝红玫瑰搭配尤加利韩式花束七夕礼物送女友	,15
351,爱在心间19朵精品红玫瑰花束	,15
352,『爱的海洋』满天星花束糖果球抖音网红灯送女友送老婆生日礼物	,15
345,『日常家居鲜花』3枝红玫瑰（一公里内配送）	,15
360,劳而不怨 19朵白百合花束 母亲节送妈妈生日鲜花长辈甄选	,15
341,『琴瑟和鸣』33枝香槟玫瑰搭配相思梅礼盒520情人节鲜花	,15
344,『如影随行』19枝粉色康乃馨搭配洋桔梗花束38女神节鲜花	,15
365,『花颜月下』19枝红玫瑰搭配满天星韩式礼盒七夕情人节鲜花	,15
342,『永久的爱』19枝红玫瑰搭配尤加利花束520情人节礼物鲜花	,15
398,『赏心悦目』33枝粉玫瑰精致抱抱通七夕情人节礼物鲜花店	,15
373,『我爱你』52枝红玫瑰花鲜花束送女友生日礼物送闺蜜鲜花店推荐	,15
414,『日常家居鲜花』3枝乒乓菊（一公里内配送）	,14
406,『白头相守』11枝红玫瑰搭配尤加利花束七夕节送女友鲜花店	,14
404,『谁言寸草心』19枝红康乃馨搭配尤加利满天星礼盒女神节礼物	,14
610,『千伶百俐』草莓味棒棒糖搭配AD钙奶包秋天的第一个包包	,14
381,『珠联璧合』52枝粉玫瑰花束520送女友情人节礼物鲜花	,14
1498,『温香艳玉』11枝红玫瑰花搭配尤加利礼盒生日鲜花礼物	,14
1482,『美丽动人』9枝红玫瑰搭配尤加利韩式花束生日鲜花送老婆鲜花	,14
354,『花束彩灯』单买不送请与鲜花一同下单	,14
355,『限量自取款』3枝红玫瑰简约鲜花送女友送老婆鲜花	,14
357,『AWM』99枝红玫瑰520送女友情人节鲜花	,14
358,（自取款）单枝红康乃馨不配送哦亲	,14
359,『网红爆款』33枝红玫瑰搭配尤加利韩式花束情人节送女友鲜花店	,14
361,『三尺讲台』19枝红康乃馨搭配尤加利礼盒教师节送老师鲜花	,14
366,『蒸蒸日上韩式开业花篮一对	,14
368,Black yarnC4款52枝香槟玫瑰黑纱花束圣诞节鲜花店	,14
924,『爱如潮水』11枝红玫瑰花束七夕情人节爆款礼物送女友鲜花店	,14
377,『魂牵梦绕』52枝红玫瑰搭配满天星黑纱花束520情人节鲜花	,14
378,『吉星高照』三脚架开业花篮婚礼礼品结婚礼仪演唱会布置（一对）	,14
1455,『花辰月夕』9枝红玫瑰花搭配尤加利花束生日鲜花礼物花店鲜花	,13
417,『冰心玉骨』向日葵混搭精致玫瑰下单送彩灯送女友	,13
441,『唯美爱情』玫瑰混搭满天星手提鲜花篮 送情人 送闺蜜	,13
435,『如诗如画』19枝粉色康乃馨花束 女神节礼物送妈妈送亲人	,13
408,『容颜不老』11枝红玫瑰礼盒 送妈妈 女神节礼物	,13
416,『美好时光』8枝向日葵混搭花束送父母送亲人鲜花	,13
383,『璀璨夺目』33枝蓝色妖姬韩式花束七夕情人节礼物鲜花店	,13
402,『爱在心头』33枝香槟玫瑰花束 送闺蜜 送情人	,13
393,『称心如意马卡龙气球+绣球+桔梗+满天星 开业花篮一对	,13
392,『朝夕相伴』满天星鲜花花束 自取款	,13
390,『为爱痴狂』19枝红玫瑰搭配尤加利花束情人节送女友鲜花店	,13
389,『沉默的爱』混搭玫瑰搭配绣球花手提花篮 送女友亲人鲜花店礼物	,13
388,『花开有时』11枝戴安娜玫瑰花3枝香槟玫瑰花3枝康乃馨鲜花店	,13
387,收藏店铺和花一起拍下送	,13
384,『到店自取限购版』单枝向日葵小花束	,13
391,女王款-99枝红玫瑰鲜花送女友花束 推荐鲜花店	,13
380,『日常家居鲜花』3枝粉色康乃馨（一公里内配送）	,13
375,『超值限量自取款』单支玫瑰	,13
374,『楚楚动人』33枝红玫瑰韩式花束送女友送老公鲜花	,13
372,『接吻』 I LOVEYOU红玫瑰礼盒 送女友送闺蜜推荐鲜花	,13
371,『日常家居鲜花』3枝红色康乃馨（一公里内配送）	,13
370,『平安如愿』19枝粉康乃馨搭配乒乓菊抱抱桶教师节送老师鲜花	,13
376,『无可替代』19枝红玫瑰搭配尤加利礼盒情人节送女友鲜花店	,13
369,『摘下星星给你』粉色满天星搭配星空球花束情人节送女友鲜花店	,13
401,『甜蜜梦境 』满天星花束糖果球抖音网红灯送女友送老婆生日礼物	,12
481,『限量自取款』单枝向日葵搭配尤加利韩式花束送女友送老婆鲜花	,12
411,『蓬勃发展』3枝向日葵搭配香槟玫瑰花束毕业季送老师同学鲜花	,12
410,『天真烂漫』蓝色满天星小花束毕业季送老师送师生鲜花	,12
556,『日常家具鲜花』一枝向日葵搭配雏菊花束（一公里配送，自取款）	,12
405,一心一意—11朵红玫瑰尤加利叶	,12
403,『Blue D4款』33枝蓝色玫瑰鲜花儿+配草 礼盒	,12
397,『妩媚动人』11枝蓝色妖姬搭配栀子叶礼盒520情人节礼物鲜花	,12
400,『感恩教师』5枝康乃馨搭配满天星花束教师节（不带橱窗袋）	,12
399,『楚楚可怜』33枝红玫瑰抱抱桶520送女友情人节鲜花	,12
396,精品19朵红玫瑰花束	,12
395,『心心相印』99枝红玫瑰搭配相思梅花束520送女友情人节鲜花	,12
394,『彼岸花开 』11枝红玫瑰搭配满天星礼盒情人节送女友鲜花店	,12
412,『碧玉琼瑶』33枝粉玫瑰搭配尤加利礼盒520送女友情人节鲜花	,12
1460,『玉貌花容』9枝红玫瑰花搭配尤加利花束生日鲜花礼物花店鲜花	,12
475,『从一而终』33枝红玫瑰花鲜花束 送亲人 送闺蜜送情人鲜花店	,12
407,今日特推-9枝粉玫瑰满天星花束	,12
432,『艾欧尼亚』66枝红玫瑰花鲜花束送女友闺蜜生日礼物鲜花店	,12
423,『海燕双栖』粉玫瑰搭配白玫瑰满天星手捧花送爱人送老婆爱意无价	,12
424,『爱你在日夜』19枝香槟玫瑰搭配相思梅礼盒 三八妇女节女神节	,12
451,『给予温暖』19枝粉玫瑰搭配3朵向日葵配草混搭花束女神节礼物	,12
413,『爱在心间』11枝黄玫瑰搭配尤加利花束6月花礼送女友鲜花	,12
428,『浪漫情怀』两色粉玫瑰混搭绣球手提鲜花篮送情人 送闺蜜	,12
442,『皓月当空』11枝红玫瑰满天星礼盒520情人节礼物送女友鲜花	,12
469,『春暖花开』33枝红色康乃馨搭配尤加利花束 女神节生日礼物	,11
439,『如故』33枝粉玫瑰花束 送情人 送女友 送闺蜜 鲜花店	,11
1507,『春暖花开』6枝红玫瑰花搭配彩灯韩式花束生日鲜花礼物花店鲜花	,11
418,『店家推荐』随机混搭小型花束自取款	,11
438,『闭月羞花』19枝粉玫瑰搭配满天星韩式礼盒送女友送老婆鲜花	,11
499,『花晨月夕』11枝红玫瑰七夕情人节送女友送闺蜜鲜花花束	,11
415,『情意绵绵』6枝粉玫瑰满天星花束七夕（3公里内配送）	,11
448,『感恩母亲』康乃馨玫瑰混搭手提鲜花花篮 送情人 送闺蜜鲜花	,11
445,『缕缕清香』52枝香槟玫瑰搭配尤加利七夕情人节礼物鲜花店	,11
468,『一丝不苟』11朵百合搭配红豆尤加利花束 教师节礼物 送老师	,11
430,『Blue A6款』19枝蓝色玫瑰鲜花儿 礼盒 送闺蜜	,11
429,『情比金坚』12枝红玫瑰精致韩式花束七夕情人节礼物鲜花店	,11
427,『心灵的明镜』19枝红康乃馨混搭手提花篮教师节送老师鲜花	,11
426,『不远万里』粉玫瑰康乃馨搭配桔梗手提鲜花篮送闺蜜送情人	,11
425,『心语心愿』19白玫瑰搭配桔梗白纱花束送女友生日鲜花	,11
422,『白璧无瑕』5枝百合搭配3枝玫瑰小型花束鲜花送女友	,11
421,『花样年华』99枝粉玫瑰520送女友情人节鲜花	,11
420,『兴业长新』三脚架开业花篮婚礼布置结婚礼仪演唱会庆典（一对）	,11
419,『繁星点点』粉色满天星韩式花束520情人节礼物鲜花	,11
450,『宽厚的肩膀』33枝香槟玫瑰搭配黄莺表白礼盒送女友生日鲜花店	,11
446,『翩若惊鸿』99枝红玫瑰黑纱花束情人节送女友鲜花店	,10
454,百合单支花 10支起送	,10
453,『白首不渝』19枝粉色康乃馨搭配尤加利满天星礼盒 女神节生日	,10
447,『情思缠绵』33枝粉色玫瑰鲜花礼盒 送女友送闺蜜送情人鲜花	,10
519,一心一意爱情永固11枝红玫瑰搭配尤加利满天星礼盒花束）	,10
443,『天长地久』33枝红玫瑰搭配尤加利花束七夕情人节礼物鲜花	,10
517,『盛夏光年』33枝红玫瑰黑纱花束七夕情人节送女友鲜花店	,10
444,『碧海青天』19枝蓝色妖姬韩式花束情人节送女友鲜花店	,10
437,『仪态万千』11枝粉玫瑰搭配百合满天星花束 女神节生日礼物	,10
1539,『亭亭玉立』11枝粉玫瑰配尤加利韩式花束送情人送女友礼物鲜花	,10
1529,『限量自取款』五枝混搭韩式鲜花花材随机不带瓶装	,10
1519,『伴花随柳』6枝白玫瑰搭配尤加利小雏菊精美小花束送老婆	,10
440,『步步高升绣球+玫瑰+满天星+桔梗开业花篮一对	,10
1505,『流光溢彩』11枝红玫瑰花搭配尤加利花束生日鲜花礼物花店鲜花	,10
436,『花丛里』11枝粉玫瑰花搭配绣球送人鲜花送女友送老婆鲜花店	,10
434,『一见锺情』红玫瑰搭配绿叶满天星礼盒520送女友情人节鲜花	,10
433,粉色雪山玫瑰	,10
431,『Black yarn B2款』33朵玫瑰鲜花儿黑纱花束	,10
510,『于飞之乐』白色绣球搭配桔梗手捧花送情人送老婆爱意无价	,10
633,『对你的爱』11枝粉玫瑰搭配满天星彩灯时尚花束	,10
449,『怦然心动』11枝红玫瑰爆款礼盒七夕情人节送女友鲜花	,10
488,『黄金满室向日葵+百合+玫瑰+桔梗+尤加利开业花蓝一对	,10
474,『情比金坚』33枝香槟玫瑰花鲜花束 送女友送闺蜜送情人鲜花店	,10
460,『幸福安康』6支多头百合-生日鲜花长辈甄选	,10
452,『着迷』三色玫瑰混搭鲜花手提花篮 送情人 送闺蜜推荐鲜花	,10
455,『花点时间』11枝香槟玫瑰花搭配绣球洋桔梗送人鲜花女友鲜花店	,10
491,『锦绣前程』向日葵搭配玫瑰混搭花束毕业季礼物送老师送同学	,9
495,『诗题红叶』粉玫瑰搭配精致配叶手捧花送爱人送老婆爱意无价	,9
479,精致小花束（到店自取款，不配送）	,9
467,『玉树琼枝』混搭玫瑰搭配绣球手捧花送爱人送老婆爱意无价	,9
477,『钟灵毓秀』11枝粉玫瑰搭配尤加利礼盒情人节送女友鲜花店	,9
585,『BlackyarnB2款』33朵玫瑰鲜花花束七夕情人节礼物	,9
524,『同心同德』11枝粉玫瑰搭配银叶菊送女友38女神节鲜花	,9
473,『Goddess E1款』66枝红玫瑰鲜花儿 花束	,9
472,A1单支向日葵小花束	,9
471,（我爱你）到店自取款	,9
478,『博学多识』19朵康乃馨+5朵百合花束 教师节礼物 送老师	,9
476,『浓情蜜意』混搭玫瑰花搭配向日葵花束送老师送女友送亲人鲜花店	,9
466,『千秋功业』8朵百合+3枝向日葵搭配红豆花束 教师节礼物	,9
459,『爱不释手』11枝粉白玫瑰混搭满天星礼盒七夕礼物情人节鲜花	,9
506,『共度爱河』11枝红玫瑰搭配尤加利韩式花束情人节送女友鲜花店	,9
465,Goddess C4款19枝红玫瑰鲜花礼盒	,9
990,花店推荐鲜花 19枝白玫瑰+2只小熊礼盒 七夕情人节礼物	,9
456,『一心一意』IOU红玫瑰高端礼盒七夕情人节礼物鲜花店	,9
458,『白色情人节』-52枝白玫瑰花束送爱人母亲同事朋友领导	,9
457,『历尽沧桑』多头百合搭配黄英礼盒送长辈送父亲礼物鲜花	,9
461,『财运亨通』开业花篮婚礼布置结婚礼仪演唱会庆典（一对）	,9
462,『一往情深』33枝红玫瑰网红天心盒520送女友情人节鲜花	,9
463,『裙子好球』33枝红玫瑰礼盒520送女友情人节礼物鲜花	,9
464,吉祥如意金布双层开业花篮一对	,9
1478,『闭月羞花』21枝红玫瑰花搭配满天星礼盒生日鲜花礼物	,9
577,『情窦顿开』19枝红玫瑰搭配桔梗尤加利花束情人节送女友鲜花店	,8
489,?爆品?单支精品红玫瑰 样式随机 仅限到店自提 介意勿拍	,8
493,『桃李芬芳』11枝香槟玫瑰搭配尤加利花束生日鲜花店	,8
616,『桃花流水』19枝红玫瑰搭配满天星礼盒七夕情人节送女友鲜花	,8
492,『日常家居鲜花』3枝向日葵（一公里内配送）	,8
636,『日常家居鲜花』3枝白色乒乓菊（一公里内配送，不带瓶装。）	,8
490,10支黄金海岸玫瑰（一公里内免费配送）	,8
501,『不卑不亢』11枝香槟玫瑰搭配相思梅礼盒送父亲礼物鲜花	,8
1528,『店内爆款』11枝红玫瑰搭配尤加利精美韩式花束送女友鲜花	,8
1149,『情投意合』11枝红玫瑰尤加利送女神爱人情人节鲜花花束	,8
487,『长长久久』9枝红玫瑰花鲜花束到店自取款送闺蜜送女友	,8
486,『大吉大利』三脚架开业花篮婚礼布置送客户礼仪庆典结婚（一对）	,8
485,（自取款）单枝粉玫瑰不配送哦亲	,8
484,『陪伴』19枝粉玫瑰搭配尤加利礼盒情人节送女友鲜花	,8
483,一心一意单支玫瑰花束（仅一公里内配送）	,8
482,『貌美如花』33枝粉色康乃馨搭配桔梗尤加利花束 女神节礼物	,8
480,『逞娇呈美』11枝红玫瑰搭配栀子叶花束女神节爆款送女友	,8
550,『华堂焕彩』三脚架开业花篮婚礼布置结婚礼仪演唱会礼品（一对）	,8
500,『雅韵翩然』52枝红玫瑰搭配满天星韩式花束情人节送女友鲜花店	,8
657,白色满天星花束（自取款不配送）	,8
546,『连枝共冢』紫玫瑰花搭配黄蝴蝶香槟桔梗 送女友鲜花店	,8
508,『情不自禁』19枝粉玫瑰搭配满天星礼盒情人节送女友送闺蜜鲜花	,8
496,『芬芳的心』19枝香槟玫瑰+4枝向日葵搭配桔梗花束 教师节	,8
497,『情有独钟』11枝粉玫瑰鲜花七夕情人节送女友生日鲜花	,8
516,『网红爆款』33枝红玫瑰抱抱桶抖音推荐520情人节礼物鲜花	,8
513,『日常家具鲜花』一枝向日葵小花束（一公里配送，自取款）	,8
512,『Blue D3款』33枝蓝色玫瑰鲜花儿+配草 花束	,8
511,『朝朝暮暮』99枝红玫瑰520送女友情人节鲜花	,8
498,『青梅竹马』33枝粉玫瑰搭配尤加利花束七夕情人节礼物鲜花	,8
509,『日常家居鲜花』3枝粉百合（一公里内配送）	,8
523,『春光灿烂』向日葵手提鲜花花篮 送闺蜜 送情人 花店推荐	,8
507,『日进无疆』三脚架开业花篮 公司开张鲜花演唱会庆仪花（一对）	,8
503,【指路明灯 】单支向日葵不配送不带包装	,8
505,『爱的气息』19枝红玫瑰鲜花礼盒 女神节生日礼物	,8
504,『亭亭玉立』11枝粉玫瑰配尤加利韩式花束七夕情人节礼物鲜花	,8
544,『百年好合』33枝粉玫瑰搭配情人草礼盒520送女友情人节鲜花	,8
502,向日葵花束简约款	,8
526,『浪漫满屋』52枝红玫瑰花束送女友情人节鲜花	,7
590,『儿女情长』19枝戴安娜搭配尤加利生日鲜花	,7
527,『含露低垂』7枝香水百合6月花礼七夕节送女友鲜花花束	,7
528,『圈圈圆圆』9枝白粉瑰搭配满天星花束520情人节鲜花店爆款	,7
529,『富贵吉祥』10支转运竹不含花瓶送父母五公里外不送限五公里内	,7
618,『隆声援布』开业花篮演唱会庆典婚礼布置开业礼仪 （一对）	,7
530,美丽的你【11枝粉玫瑰搭配尤加利叶七夕情人节鲜花礼盒】	,7
531,琴瑟之好【11枝粉玫瑰搭配尤加利七夕情人节表白花束】	,7
533,到店自取款 【店家主推B款】小盆绿植 绿萝 家居送长辈送朋友	,7
532,到店自取款【店家主推】小盆绿植 绿萝 家居送长辈送朋友	,7
542,卡罗拉红色玫瑰	,7
534,『大吉大利时尚满天星开业花篮一对	,7
535,『云心水性』11枝红玫瑰搭配尤加利情人节鲜花花束	,7
536,『日常家居鲜花』小束白色满天星（一公里内配送）	,7
525,『情有独钟』11枝粉玫瑰满天星花束	,7
543,『Black yarn C2款』52枝红玫瑰黑纱送女友花束	,7
539,『优质绿植』大叶绿萝居家绿植送客人送朋友绿植	,7
540,白色玫瑰	,7
541,『红红火火』三脚架开业花篮婚礼布置结婚礼仪演唱会庆典（一个）	,7
538,『甘棠之爱』19枝红玫瑰抱抱桶520情人节礼物送女友推荐鲜花	,7
521,向日葵3支尤加利小清新花束	,7
522,『金枝玉叶』11枝黄玫瑰搭配尤加利花束6月花礼送女友鲜花	,7
1476,『师爱无边』21枝粉玫瑰+3枝向日葵韩式花束生日鲜花礼物	,7
564,『如梦佳人』99枝白玫瑰圣诞节花束520送女友情人节鲜花	,7
565,『三生有幸』19枝康乃馨花束送女友送父母生日鲜花	,7
549,『永久的爱』19枝红玫瑰搭配尤加利花束七夕礼物鲜花	,7
547,『美丽动人』11枝粉玫瑰韩式礼盒七夕情人节送女友送老婆鲜花	,7
572,『执手依依』33枝香槟玫瑰圣诞节礼盒	,7
559,『粉色爱情』13枝粉色康乃馨+6朵粉玫瑰+配草女神节礼盒	,7
514,『爱的思念』香槟白玫瑰混搭手提鲜花花篮 送情人 送闺蜜推荐花	,7
515,『不卑不亢』12枝向日葵搭配玫瑰混搭花束送老师送同学鲜花	,7
576,『彩灯』需与花束搭配下单 单拍没用 需与花束搭配下单	,7
518,『遥遥相对』33枝红玫瑰搭配尤加利花束520情人节礼物鲜花	,7
1485,『玉软花柔』11枝粉玫瑰花束生日鲜花礼物花店鲜花	,7
520,『Lovely D5款』33枝香槟玫瑰抱抱桶	,7
545,『日常家居鲜花』3枝白玫瑰（一公里内配送）	,7
584,『秀外慧中』11枝粉色康乃馨+11枝粉色玫瑰抱抱桶女神节礼物	,7
1303,『可爱小熊』收藏店铺和花一起拍下，单拍无效	,7
862,『柳亸莺娇』11枝红玫瑰搭配尤加利花束送女友送闺蜜鲜花店	,6
629,『不得不爱』9枝粉玫瑰鲜花搭配满天星韩式混搭花束爆款推荐！！	,6
631,『缘订三生』粉玫瑰搭配绣球满天星手捧花送爱人送老婆爱意无价	,6
772,『优质绿植』幸福树居家绿植送朋友送客人绿植	,6
634,『爱的宣言』19枝红玫瑰搭配尤加利韩式花束送闺蜜送女友鲜花	,6
671,绿萝	,6
552,『与尔携老』19枝红玫瑰搭配情人草礼盒情人节送女友鲜花店	,6
1461,『伴花随柳』6枝白玫瑰搭配尤加利生日鲜花礼物花店鲜花	,6
1546,『痴心』11枝红玫瑰花礼盒 送女友七夕情人节礼物	,6
551,『爱在你身边』戴安娜玫瑰+绣球混搭鲜花花篮送情人推荐鲜花	,6
615,9朵白玫瑰长款韩式花束	,6
571,『门墙桃李 』向日葵满天星花束教师节送老师礼物鲜花	,6
562,10支香槟玫瑰（一公里内免费配送）	,6
557,『一帆风顺』5朵向日葵搭配红豆韩式花束毕业季礼物送老师送同学	,6
558,『一生幸福』19枝红康乃馨搭配相思梅抱抱桶教师节送老师鲜花	,6
586,『暮翠朝红』19枝红玫瑰花礼盒鲜花搭配洋桔梗送女友生日鲜花店	,6
583,『爱情永固』11枝红玫瑰搭配尤加利礼盒七夕情人节礼物鲜花	,6
582,彩灯-----单点不送，需下单鲜花	,6
581,12朵粉百合 不配送 不带瓶 不包装 仅自取	,6
560,『堂堂正正』5朵向日葵搭配红豆混搭花束送长辈送父亲鲜花	,6
561,『心有灵犀』19枝粉玫瑰搭配银叶菊礼盒情人节送女友鲜花店	,6
580,『岁月如歌』3枝向日葵搭配桔梗花束七夕情人节礼物鲜花店	,6
579,一世爱人11枝粉玫瑰搭配满天星花束	,6
573,『花前月下』19枝红玫瑰花鲜花束 214情人节 生日 礼物	,6
578,七夕爆款推荐11枝粉玫瑰搭配尤加利叶洋桔梗花束	,6
563,10支粉蝴蝶（一公里内免费配送）	,6
566,『娇艳动人』11枝红玫瑰搭配洋桔梗混搭韩式花束七夕情人节鲜花	,6
548,『爱的花火』33枝红玫瑰花搭配尤加利抱抱桶 送女友鲜花店生日	,6
575,9支精品玫瑰礼盒情人节#七夕	,6
574,『Black yarn E2款』99枝红玫瑰花送女友黑纱花束	,6
567,『知书达理』11枝粉玫瑰搭配尤加利礼盒 女神节礼物	,6
568,『相敬如宾』19枝粉玫瑰搭配相思梅花束情人节送女友鲜花店	,6
569,花瓣	,6
555,『生日快乐』9枝粉玫瑰搭配粉色满天星花束	,6
554,单支向日葵毕业拍照神器）	,6
570,粉色爱沙玫瑰	,6
608,『百感交集』33枝粉色康乃馨抱抱桶 女神节鲜花生日礼物	,6
609,『浅唱花季』粉色满天星精致手提袋花束送闺蜜送女友生日鲜花	,6
553,『深情』19枝粉玫瑰搭配尤加利花束情人节送女友送闺蜜鲜花	,6
597,『蒸蒸日上』开业花篮婚礼布置结婚礼仪演唱会庆典（一对）	,6
1525,『日常家居鲜花自取款』单枝A级红玫瑰	,5
1578,单枝红玫瑰自取	,5
603,『店家推荐』2枝粉玫瑰搭配洋甘菊特价韩式鲜花自取款（不带瓶）	,5
614,『贤妻良母』13枝红色康乃馨+6枝红玫瑰礼盒 女神节生日礼物	,5
605,『I LOVE YOU』红玫瑰花鲜花礼盒送女友生日礼物鲜花店	,5
601,『Blue D5款』33枝蓝色玫瑰鲜花儿+配草 礼盒	,5
1540,『仙姿佚貌』黄白混搭玫瑰搭配向日葵小百合花束送老婆送女朋友	,5
600,恭喜发财发财树绿色盆栽	,5
599,『花开富贵香槟玫瑰+桔梗+百合+尤加利 开业花篮一对	,5
598,『爱的就是你』11枝红玫瑰搭配尤加利韩式花束情人节送女友	,5
690,『女 神 节』11枝红色康乃馨礼盒 女神节礼物	,5
1522,『步步莲花』5枝红玫瑰搭配尤加利精美配花小花束礼物送老婆	,5
588,『情人知己』11枝红玫瑰礼盒七夕情人节礼物鲜花店	,5
741,『店长推荐』3枝向日葵搭配香槟玫瑰多头玫瑰生日礼物鲜花花束	,5
595,9枝粉玫瑰+满天星花束	,5
594,『Blue D2款』【33枝蓝色玫瑰鲜花儿+配草 礼盒】	,5
604,『眉清目秀』单枝向日葵混搭玫瑰康乃馨花束七夕礼物送女友鲜花	,5
593,『Black yarn B1款』33枝红玫瑰黑纱送女友鲜花	,5
587,向日葵	,5
592,『纯纯的爱』玛丽亚混搭绣球鲜花花篮 送情人 送闺蜜	,5
591,开业花篮A款（一对）	,5
589,到店自取款 【店家主推B款】小盆绿植 绿航绿萝 家居送长辈	,5
596,『日常家居鲜花』3枝白百合（一公里内配送）	,5
617,『前程似锦』9朵向日葵搭配红豆花束毕业季礼物送老师送同学	,5
721,『真爱红』单枝红玫瑰 款式随机 仅限到店自取 不配送	,5
627,『小太阳』3枝向日葵玫瑰混搭花束送朋友送同学推介	,5
1464,『情投意合』33枝粉玫瑰搭配满天星花束礼物鲜花生日鲜花	,5
635,『葵花向日』玫瑰混搭向日葵花束毕业季送同学鲜花	,5
632,『母亲的爱』11枝红玫瑰搭配尤加利花束 女神节礼物	,5
611,『爱的祝福』19枝红康乃馨搭配尤加利花束母亲节送父母鲜花	,5
612,(??ω?)?嘿11朵红玫瑰情人草点缀赠送卡通小熊一对	,5
613,9朵粉色玫瑰韩式花束	,5
628,『恩逾慈母』 19枝康乃馨3朵百合 母亲节送妈妈生日鲜花长辈	,5
626,『日常家居鲜花』小束蓝色满天星（一公里内配送）	,5
607,『亭亭玉立』9枝粉玫瑰配尤加利韩式花束情人节七夕礼物鲜花	,5
625,『红豆相思』19枝红色玫瑰花黑纱搭配洋桔梗红豆送人鲜花店	,5
624,『目成心许』11枝粉玫瑰七夕情人节送女友送闺蜜鲜花	,5
623,『花开相爱』19枝红玫瑰花搭配洋桔梗红豆送人鲜花送女友鲜花店	,5
622,『此生不弃』11枝红玫瑰搭配桔梗礼盒送女友送老公鲜花	,5
621,『天真无邪』单支玫瑰	,5
620,教师节花礼，三束起送	,5
619,『一见倾心』11枝粉色玫瑰花+一枝绣球搭配洋桔梗 送人鲜花店	,5
640,『盛夏光年』7瓶爽歪歪搞怪花束送女友秋天的第一个快乐	,5
637,『琴耽瑟好』红玫瑰搭配香槟玫瑰手捧花送爱人送老婆爱意无价	,5
1234,百合（到店自取）	,5
648,『光明磊落』19支粉康乃馨搭配尤加利花束送长辈送父亲礼物鲜花	,5
776,『情真意切』红玫瑰搭配相思梅栀子叶礼盒520送女友情人节鲜花	,5
1462,『羞花闭月』9枝红玫瑰花简约韩式黑纱花束生日鲜花礼物花店鲜花	,5
1459,『目不转睛』 9枝粉玫瑰花束生日鲜花礼物花店鲜花	,5
606,『鹏程万里』3朵向日葵搭配玫瑰混搭花束毕业季礼物送老师送同学	,5
650,『幸福有你』19枝康乃馨花束送父母送女友生日鲜花	,5
805,满天星『粉色爱恋』送恋人送女朋友送爱情送亲人	,5
602,『ins风格』单枝玫瑰简约花束特价自取款（颜色可选）	,5
1489,『爱丽舍』高端蓝色满天星搭配9枝白玫瑰大花束生日鲜花礼物	,4
1496,『红红火火』三脚架开业花篮婚礼布置结婚礼仪演唱会庆典（一对）	,4
1504,『伊人夕岸』向日葵搭配小雏菊尤加利花束生日鲜花礼物花店鲜花	,4
1552,『优质绿植』精品长藤绿萝居家绿植送朋友送客人	,4
1547,『冷香金倪』11朵玫瑰花混搭送闺蜜女友生日礼物秋天的第一束花	,4
1463,『岁月如歌』3枝向日葵搭配桔梗花束生日鲜花礼物	,4
873,开业花篮A款	,4
867,『日常家居鲜花』3枝白玫瑰（不带瓶装）	,4
1098,『吉祥开业』三脚架开业花篮婚礼布置结婚礼仪演唱会庆典（一个）	,4
1456,『鸳俦凤侣』混搭玫瑰搭配小雏菊尤加利花束送老婆送爱人生日鲜花	,4
729,『笙磬同音』白玫瑰搭配小雏菊手捧花送爱人送老婆爱意无价	,4
788,『梦想成真』戴安娜白玫瑰混搭手提鲜花花篮 送情人 送闺蜜	,4
1237,『店长推荐』4枝向日葵搭配洋甘菊生日礼物男士鲜花花束	,4
755,『鸿运昌盛』三脚架开业花篮婚礼布置结婚礼仪演唱会庆典（一对）	,4
759,9朵香槟玫瑰韩式花束	,4
1524,『花光柳影』向日葵混搭玫瑰桔梗尤加利小雏菊精美小花束	,4
1515,『青春无限』7瓶爽歪歪搞怪花束送女友秋天的第一个快乐	,4
1520,『伊人夕岸』三枝向日葵搭配小雏菊尤加利小花束送老婆送爱人	,4
737,『爱的约定』11枝红玫瑰搭配桔梗韩式花束	,4
738,『福开新运』开业花篮婚礼布置结婚礼仪演唱会庆典（一个）	,4
739,两枝白桔梗搭配康乃馨红豆满天星	,4
1501,自取款---蓝色满天星冰淇凌花束	,4
1601,『白头相守』11枝红玫瑰花束生日鲜花礼物花店鲜花	,4
672,『天作之合』19枝红玫瑰搭配桔梗手提花篮520情人节礼物鲜花	,4
660,多头白百合瓶插花	,4
662,『美轮美奂』9枝红玫瑰搭配满天星花束	,4
663,超香黄百合3支9朵花家居花摆设鲜花（仅自取）	,4
664,『旷世容颜』11枝香槟玫瑰搭配桔梗尤加利送女友花束	,4
665,『目不转睛』 9枝粉玫瑰花束 送女友七夕礼物鲜花	,4
666,『情真意切』11枝粉玫瑰满天星花束七夕情人节礼物鲜花	,4
667,『初恋的味道』9枝粉玫瑰花搭配满天星花束七夕情人节鲜花	,4
668,香槟色玫瑰	,4
669,情投意合11枝红玫瑰搭配尤加利花束七夕情人节礼物鲜花店	,4
670,『冰魂雪魄』5朵百合小型花束 教师节礼物 送老师283	,4
673,『Classic E1款』52枝粉玫瑰鲜花儿花束送女友鲜花店	,4
674,『心心念念』9枝白粉瑰混搭花束情人节 鲜花店爆款	,4
675,『方兴日盛粉色满天星+粉色玫瑰+粉色扶郎韩式开业花篮一对	,4
676,『时光荏苒』33枝红玫瑰520表白手提花篮送女友送闺蜜鲜花店	,4
677,『芬芳馥郁』11枝红玫瑰搭配满天星花束七夕礼物情人节鲜花	,4
678,?爆品?单枝精品红玫瑰 样式随机 仅限到店自提 介意勿拍	,4
661,典雅高贵香槟	,4
659,『超值自取款』彩灯波波球	,4
680,香玫瑰	,4
658,『感慨万千』33枝粉玫瑰搭配尤加利抱抱桶 女神节礼物	,4
638,『瓜瓞延绵』红玫瑰搭配香槟玫瑰尤加利手捧花送爱人爱意无价	,4
639,金钱树带盆	,4
642,『鹏程万里』3朵向日葵搭配桔梗花束毕业季送老师送同学	,4
643,『海誓山盟』33枝红色玫瑰花搭配青梅红豆送人鲜花送女友鲜花店	,4
644,『优质绿植』金钱树居家绿植送朋友送客人绿植	,4
645,满天星怦然心动	,4
646,『妈妈的爱』19枝粉色康乃馨+绣球配草混搭抱抱桶女神节礼物	,4
647,『Lovely D8款』33枝香槟玫瑰花圣诞节礼盒	,4
649,『店铺推荐』优质小绿萝一盆居家送朋友送客户绿植（自取款）	,4
651,尊师重道教师节花束送老师	,4
652,（至尊）星语星愿蓝妖礼盒	,4
653,黄金乒乓菊	,4
654,爱你到永久（11红玫瑰）	,4
655,折射多头玫瑰	,4
656,康乃馨	,4
679,『甘棠之爱』19枝红玫瑰搭配尤加利韩式花束七夕情人节礼物鲜花	,4
682,『Goddess D8款』33枝红玫瑰天心礼盒圣诞节鲜花	,4
681,『星空』11枝粉玫瑰花束满天星花束送爱人送闺蜜爆款	,4
683,天鹅绒、仙气十足（一公里内免费配送）	,4
701,礼盒蓝色满天星	,4
702,『情意绵绵』11枝粉玫瑰搭配满天星生日礼物鲜花店	,4
717,『爱的想念』红玫瑰搭配向日癸手提鲜花花篮 送情人 送闺蜜	,4
703,『永不变心』香槟绿康绣球混搭鲜花花篮 送情人 送闺蜜鲜花	,4
704,『缕缕清香』52枝红玫瑰搭配黑纱七夕情人节礼物鲜花店	,4
705,『岁月静好』11枝粉玫瑰搭配乒乓菊尤加利送女友韩式花束	,4
706,向日葵玫瑰洋桔梗混搭	,4
698,红玫瑰	,4
707,『福开新运』开业花篮(一对）	,4
708,向日葵香槟玫瑰混搭花束	,4
709,蓝色满天星	,4
710,粉色洋桔梗	,4
711,一生一世 11朵红玫瑰花束	,4
1609,『怡情悦性』11枝香槟玫瑰花束生日鲜花礼物花店鲜花	,4
699,【店家推荐】向日葵搭配玫瑰小花束促销爆款自取款	,4
700,『优质绿植』加仑盆小绿箩居家送朋友送客人	,4
697,『店家推荐』单枝向日葵特价家具鲜花自取款（不带瓶）	,4
689,『店家爆款』3枝玫瑰散装 仅售3元自取款 可选颜色	,4
685,财运滚滚发财树绿植盆栽（两颗）	,4
687,点击右上角【?收藏】享特惠小灯串～（不收藏拍下无效噢）	,4
688,『感恩教师』5枝康乃馨搭配满天星花束教师节 不带盒子	,4
684,『滴滴汗水』8枝康乃馨+5枝粉玫瑰礼盒教师节鲜花	,4
696,岁月无声【19枝粉玫瑰搭配满天星七夕情人节表白礼盒】	,4
691,『花成蜜就』33枝粉色康乃馨搭配情人草花束38女神节鲜花	,4
692,『温情密意』11枝红色康乃馨8枝红玫瑰配草抱抱桶送父母	,4
693,『Blue D7款』33枝蓝妖鲜花儿+配草 花束	,4
694,『女 神 节』19枝红色康乃馨搭配满天星花束 女神节礼物	,4
695,（自取）『感恩教师』5枝康乃馨搭配满天星花束教师节送老师鲜花	,4
1584,『贺卡』需与花束搭配下单 此贺卡内容为机器打印	,4
686,『日夜操劳』33支香槟玫瑰搭配尤加利花束送长辈送父亲礼物鲜花	,4
888,『锲而不舍』19枝粉玫瑰搭配尤加利花束七夕礼物情人节鲜花	,3
1611,『花光柳影』向日葵混搭玫瑰花尤加利精美花束生日鲜花礼物	,3
1613,『豆蔻年华』11枝粉玫瑰搭配满天星花束礼物鲜花生日鲜花	,3
880,两枝白桔梗搭配康乃馨红豆白色满天星	,3
885,天堂鸟搭配灰色瓷盆A	,3
832,『优质绿植』万年青居家绿植送朋友送客人绿植	,3
815,『感谢师恩』5枝康乃馨搭配尤加利花束 教师节礼物 送老师	,3
934,『滴水之恩』19枝粉康乃馨混搭玫瑰母亲节送父母鲜花	,3
931,『父母恩勤』4朵向日葵搭配洋桔梗花束七夕礼物送老师送同学	,3
1294,『日常家居鲜花』3枝白色乒乓菊（不带瓶装）	,3
937,『一世情缘』13枝郁金香花束	,3
938,『心有阳光』9朵向日葵搭配绣球花束毕业季礼物送老师送同学鲜花	,3
952,纯纯的爱11朵白玫瑰配尤加利叶礼盒鲜花	,3
984,『莺声婉啭』9枝粉玫瑰搭配蓝粉满天星花束送女友送老婆鲜花	,3
1058,单枝向日葵不配送不带包装	,3
1109,『杨柳宫眉』草莓味棒棒糖搭配奥利奥包秋天的第一个包包	,3
1293,『日常家居鲜花』小束洋甘菊（不带瓶装）	,3
1457,『香橙』19枝香槟玫瑰礼盒鲜花生日鲜花礼物花店鲜花	,3
1511,『吹气如兰』12瓶旺仔牛奶搭配尤加利花束送女友送爱人送老婆	,3
1564,『和气生财』大麦大卖开业花篮一对	,3
1500,『爱不释手』8枝粉玫瑰+3枝白玫瑰礼盒礼物鲜花生日鲜花	,3
1572,『鸳俦凤侣』混搭玫瑰搭配小雏菊尤加利花束送老婆送爱人女朋友	,3
813,『眉目如画』33枝红玫瑰黑纱爆款花束 女神节送女友鲜花爆款	,3
814,情人节 表白神器 脱单必备  19枝香槟玫瑰+2只小熊鲜花礼	,3
807,『花信年华』11红玫瑰花七夕情人节礼物鲜花店	,3
794,『遇见美好』19枝香槟玫瑰搭配红豆礼盒送女友送爱人鲜花店	,3
766,家居瓶插	,3
765,『相见恨晚』11枝香槟玫瑰搭配满天星礼盒七夕情人节	,3
764,『彼岸花开 』11枝红玫瑰搭配满天星礼盒七夕情人节鲜花店	,3
763,润物无声教师节特别款	,3
762,七夕节送老婆送女友11朵香槟玫瑰配尤加利叶	,3
760,香槟玫瑰家居瓶插	,3
804,『始终如一』19枝粉玫瑰搭配相思梅礼盒七夕礼物情人节鲜花	,3
758,『一吻便偷一人心』19枝粉玫瑰搭配尤加利韩式花束情人节送女友	,3
757,『钟灵毓秀』11枝粉玫瑰搭配尤加利礼盒七夕节送女友鲜花店	,3
806,『触目惊心』11枝红康乃馨搭配尤加利礼盒母亲节送父母鲜花	,3
756,迷你小花束	,3
746,爱意满满——19红玫瑰礼盒	,3
795,『共度爱河』33枝粉玫瑰搭配尤加利抱抱桶情人节送女友鲜花店	,3
754,『长相厮守』11枝红玫瑰搭配尤加利花束七夕情人节礼物鲜花店	,3
753,『朝朝暮暮』99枝红玫瑰送女友花束推荐鲜花店	,3
808,『傲然挺立』19支香槟玫瑰搭配相思梅礼盒送父亲礼物鲜花	,3
752,『白璧无瑕』5枝百合搭配3枝玫瑰小型花束鲜花七夕礼物送女友	,3
751,『艳丽夺目』33枝红玫瑰精致韩式花束七夕情人节礼物鲜花店	,3
750,『店铺推荐』单枝粉玫瑰七夕情人节鲜花自取款	,3
749,『红艳欲滴』24枝红玫瑰搭配满天星花束七夕情人节礼物鲜花店	,3
748,『店家推荐』店铺特价小花瓶送朋友自取款花瓶	,3
801,『师古圣贤』19枝香槟玫瑰+2枝向日葵搭配月季花篮	,3
809,『春风得意』11枝黄玫瑰搭配黄莺礼盒七夕礼物送女友鲜花	,3
767,『师恩难忘』33枝康乃馨搭配尤加利花束 教师节礼物 送老师	,3
768,德才兼备教师节粉色康乃馨19朵鲜花	,3
793,『炽天使』礼盒抖音爆款21只红玫瑰 送女友送闺蜜送情人鲜花	,3
769,『感恩教师』5枝康乃馨搭配尤加利花束教师节送老师鲜花	,3
802,温暖时光【19枝香槟玫瑰搭配尤加利七夕情人节表白礼盒】	,3
790,爱意绵绵9枝混搭玫瑰韩式花束送女友送老婆鲜花	,3
789,『四季发财』三脚架开业花篮 开业礼仪结婚 婚礼花篮演唱会礼品	,3
787,『百年树人』高雅花篮搭配粉康乃馨送老师送长辈鲜花	,3
800,单支向日葵小花束	,3
803,向日葵3支香槟玫瑰洋桔梗混搭花束	,3
786,『如影随行』11枝粉色康乃馨搭配情人草礼盒鲜花	,3
799,粉紫色乒乓菊	,3
792,春雨潇潇【19枝粉玫瑰搭配尤加利七夕情人节表白礼盒】	,3
785,香水白色百合	,3
784,『日常家居鲜花』小束粉色满天星（一公里内配送）	,3
783,『凤翥龙翔』红玫瑰混搭红康乃馨手捧花送爱人送老婆爱意无价	,3
782,『长相厮守』33枝混搭玫瑰花束送女友送闺蜜生日鲜花	,3
781,『走南闯北』33支红康乃馨搭配尤加利红豆花束送父亲礼物鲜花	,3
780,蓄水绿箩5盆	,3
779,『欢喜』多头百合搭配向日葵混搭花束毕业季送老师送同学	,3
778,风情月意19枝粉玫瑰搭配尤加利韩式花束七夕情人节礼物鲜花	,3
777,『DH12』33枝红玫瑰浪漫花束七夕情人节礼物	,3
775,[向阳花]5支向日葵香槟玫瑰洋桔梗混搭精美花束	,3
774,『繁花似锦』33枝红玫瑰搭配彩灯韩式花束七夕情人节鲜花	,3
773,今日特推-9枝粉玫瑰满天星花束（这款3公里内免费配送）	,3
771,『甜蜜蜜』三支红玫瑰搭配满天星尤加利自取款（5份以上配送）	,3
770,单枝红玫瑰自取款（不配送）	,3
747,『店铺推荐』单款满天星小花束自取款（备注颜色或随机）	,3
791,怦然心动红玫瑰11支	,3
724,『烟暖初妆』33枝红玫瑰搭配尤加利礼盒520情人节礼物鲜花	,3
730,『一代佳人』13枝红色康乃馨搭配9枝粉玫瑰礼盒女神节鲜花礼物	,3
713,『依依不舍』9朵向日葵搭配红豆韩式花束毕业季礼物送闺蜜送同学	,3
727,『情深似海』混搭满天星鲜花花束七夕情人节送女友礼物鲜花	,3
714,开业花篮B款 (一对）	,3
715,『花样年华』99枝粉玫瑰送女友花束 推荐鲜花店	,3
726,开业盆景摇钱树	,3
725,『日增月盛马卡龙气球+玫瑰+桔梗+小雏菊 开业花篮一对	,3
745,自取款----{精致花瓣一片}	,3
796,『桃李争妍』33枝粉康乃馨花束母亲节送父母送长辈 鲜花	,3
716,『美丽动人』9枝粉玫瑰搭配尤加利花束七夕情人节礼物鲜花店	,3
723,『Classic B4款』表白神器11枝红玫瑰送女友送闺蜜	,3
718,发财树开业乔迁送礼	,3
722,『情真意切』11枝粉玫瑰尤加利送女神爱人情人节鲜花花束	,3
720,『真爱粉』单枝粉玫瑰 款式随机 仅限到店自取 不配送	,3
812,『地久天长』33枝粉色玫瑰花搭配尤加利 送人鲜花送女友鲜花店	,3
719,『两厢情愿』11枝红玫瑰搭配尤加利满天星花束七夕情人节鲜花	,3
712,『余生久久』99枝红玫瑰花束求婚送女友送老公生日鲜花	,3
728,开业发财树盆景	,3
736,『父为子隐』多头百合搭配红豆花束送长辈送父亲礼物鲜花	,3
735,『优雅告白』52枝红玫瑰花束求婚送女友鲜花	,3
744,『爆款推荐』单枝向日葵搭配尤加利鲜花花束	,3
810,特价蓄水红盆绿箩1盆	,3
743,『美丽动人』11枝粉玫瑰搭配满天星韩式花束生日礼物鲜花	,3
798,向阳花[3支向日葵洋桔梗尤加利混搭精美花束	,3
742,『相敬如宾』19枝粉玫瑰鲜花花束七夕情人节送女友鲜花	,3
811,七夕小仙女小彩灯	,3
740,『Black yarn C2款』52枝红玫瑰黑纱圣诞节花束	,3
797,『婀娜妖娆』6枝红玫瑰搭配尤加利花束送老婆送女友鲜花	,3
734,『连枝比翼』11枝香槟玫瑰搭配尤加利礼盒七夕礼物情人节鲜花	,3
733,『情意绵绵』19枝红玫瑰搭配满天星花束七夕情人节礼物鲜花店	,3
732,送老师花礼	,3
731,15支康乃馨鲜花花篮送老师教师节礼物	,3
980,『方兴日盛粉色玫瑰开业花篮一对	,2
1157,『盈盈秋水』6罐旺仔牛奶搭配19朵混搭玫瑰花束送女友送老婆	,2
816,『恩恩爱爱』混搭玫瑰韩式花束送女友送老婆鲜花（一公里内配送）	,2
1150,『欢呼雀跃』六一儿童创意礼A款送儿童送老师礼物鲜花	,2
979,圣洁至爱 11朵百合花束	,2
1121,『优质绿植』散尾葵居家绿植送朋友送客人绿植A	,2
981,『星光璀璨时尚满天星韩式开业花篮一对	,2
977,『来自星星的你』蓝色满天星礼盒七夕情人节礼物送女友推荐鲜花	,2
982,『花晨月夕』11枝红玫瑰搭配尤加利韩式花束送女友送老婆鲜花	,2
978,『吉祥开业』三脚架开业庆典花篮（一对）	,2
1216,【天长地久】99朵戴安娜白色雾面包装赠送皇冠	,2
999,『纤尘不染』52枝粉玫瑰搭配满天星韩式花束七夕情人节鲜花店	,2
983,『折柳攀花』9枝红玫瑰搭配白色满天星花束送女友送老婆鲜花	,2
985,『玫瑰花开』99枝红玫瑰韩式花束七夕情人节送女友送老婆鲜花	,2
998,『热烈』3朵向日葵搭配洋桔梗花束七夕礼物送老师送同学	,2
1074,『大展宏图』开业花篮婚礼布置结婚礼仪演唱会庆典（一对）	,2
1079,『淡雅』3枝向日葵搭配桔梗花束七夕情人节礼物鲜花店	,2
997,夏日小清新洋甘菊	,2
996,爱你久久，九朵红攻	,2
995,蓝色满天星简单小花束	,2
994,『天天向上』12枝向日葵搭配康乃馨花束毕业季送老师同学鲜花	,2
1080,『天天想你』粉色满天星　迷你小花束	,2
993,『日常家居鲜花』3枝白色乒乓菊（一公里内配送）	,2
992,『Lovely B2款』19枝粉玫瑰+2只小熊 情人节节礼盒	,2
991,『秀丽淡雅』19枝红玫瑰搭配尤加利花束七夕情人节礼物鲜花店	,2
989,『形影不离』红玫瑰搭配乒乓菊尤加利手提花篮520情人节鲜花	,2
988,满天星干花风干而成	,2
987,『亭亭玉立』6枝蓝玫瑰配尤加利韩式花束情人节七夕礼物鲜花	,2
986,『知恩图报』19枝粉色康乃馨搭配相思梅礼盒母亲节送父母鲜花	,2
1050,『情投意合』33枝粉玫瑰搭配满天星花束七夕礼物情人节鲜花	,2
1483,自取款--粉色满天星冰淇凌花束	,2
1227,『来自星星的你』蓝色满天星高档礼盒	,2
1536,三支向日葵搭配玫瑰桔梗韩式花束	,2
1544,（自取款）随机小花不配送	,2
1548,开业庆典单层花篮套餐	,2
1550,『伶俐乖巧』向日葵搭配洋桔梗小花束毕业季送老师送师生鲜花	,2
1555,『隆声援布』开业花篮演唱会庆典婚礼布置开业礼仪 （单个）	,2
1561,『彩灯装饰』收藏店铺和花一起拍下送	,2
1563,『玲珑剔透』6枝红玫瑰搭配11块黑巧克力礼盒送女友送爱人	,2
1565,『情意绵绵』11枝粉玫瑰搭配桔梗尤加利七夕情人节礼物鲜花花束	,2
1567,『美轮美奂』9枝红玫瑰搭配满天星韩式精致花束送女友闺蜜鲜花	,2
1571,『与尔携老』11枝香槟玫瑰搭配白色满天星七夕节送女友鲜花	,2
1580,『锲而不舍』11枝粉玫瑰搭配满天星花束七夕礼物情人节鲜花	,2
1581,『典则俊雅』9枝白玫瑰蓝绣球搭配尤加利配花送女友送爱人鲜花	,2
1582,『高情逸态』11枝香槟玫瑰蓝绣球搭配尤加利花束送女友鲜花	,2
1583,『财通四海』大麦开业花篮（单个）	,2
1593,『春花秋月』混搭玫瑰花搭小雏菊生日鲜花礼物花店鲜花	,2
1594,『至死不渝』满天星鲜花花束送女友生日鲜花礼物	,2
1616,『日常家居鲜花』3枝向日葵（不带瓶装）	,2
1618,『春光明媚』9枝蓝色妖姬爱心礼盒赠10巧克力生日鲜花礼物	,2
1542,『秋风习习』粉色满天星花束送女友送爱人礼物鲜花	,2
1532,【向阳而生】单枝向日葵混搭花束	,2
1291,『一生情缘』11枝粉玫瑰搭配桔梗混搭鲜花束送女友七夕礼物鲜花	,2
1530,『林下风气』11枝红玫瑰搭配白色满天星花束爱意无价送女友	,2
1292,『精品绿植』园盆绿萝居家绿植送客人送朋友	,2
1297,『日常家居鲜花』3枝粉玫瑰（不带瓶装）	,2
1363,蓝色满天星搭配9朵白玫瑰花束	,2
1368,教师节快乐19朵粉色康乃馨搭配百合花束	,2
1406,『日进斗金气球+桔梗+小雏菊开业花篮一对	,2
1407,『风舒柳眼』11枝精致粉玫瑰搭配精致配草送爱人送老婆	,2
1430,『翩若惊鸿』99枝红玫瑰黑纱花束七夕情人节送女友鲜花	,2
1475,『烟暖初妆』33朵红玫瑰花送爱人女友生日礼物惊喜配送上门	,2
1479,『日常家居鲜花自取款』单只百合粉色A级 起订2枝	,2
975,『暖心唠叨』【33朵粉康搭配满天星】-生日鲜花长辈甄选	,2
1491,『Niu郎款』11枝红玫瑰花束生日鲜花礼物花店鲜花	,2
1492,『日常家居鲜花』5枝白百合（一公里内配送，不带瓶装。）	,2
1497,19朵香水百合韩式花束送女友送老婆鲜花	,2
1506,『亭亭玉立』11枝粉玫瑰配尤加利韩式花束生日鲜花礼物鲜花	,2
1510,『霞裙月帔』草莓味棒棒糖搭配薯片包秋天的第一个包包	,2
1514,『装饰彩灯』保存店铺和花一起拍下，单拍无效	,2
1517,『蒸蒸日上』韩式开业花篮一对	,2
976,『Lovely D4款』33枝粉康乃馨+2只小熊礼盒	,2
1626,大卖大卖网红大麦开业花篮一个A款	,2
974,9朵红玫瑰简约花束	,2
841,进口雏菊机选可备注颜色	,2
863,『日常家居鲜花』小束蓝色满天星（不带瓶装）	,2
864,『日常家居鲜花』3枝白色洋桔梗（一公里内配送，不带瓶装。）	,2
865,『日常家居鲜花』3枝乒乓菊（不带瓶装）	,2
866,『日常家居鲜花』3枝红玫瑰（不带瓶装）	,2
868,『烛光万里』精致包装搭配粉色满天星花束教师节送老师鲜花	,2
942,『朝朝暮暮』52枝红玫瑰送女友情人节鲜花	,2
869,康乃馨小花束	,2
870,家居尤加利瓶	,2
871,满天星以爱为名	,2
872,『日常家居鲜花』4枝紫色雏菊（一公里内配送）	,2
874,『Classic C4款』19红玫瑰鲜花+2只小熊送女友礼盒	,2
875,橱窗礼盒满天星	,2
876,『一顾倾城』6枝向日葵花束送女友送老婆鲜花爱意无价	,2
877,一寸一相思【11枝红玫瑰搭配满天星七夕情人节表白礼盒】	,2
878,『店家爆款』19枝玫瑰简装 自取款 可选颜色	,2
879,11朵香槟玫瑰花束	,2
881,『守护爱情』19枝康乃馨礼盒送父母送亲人鲜花	,2
882,『天生丽质』向日葵粉康乃馨洋桔梗小花束毕业季送老师自取款	,2
883,『樱花落』52枝混搭玫瑰花束七夕情人节礼物送女友生日 鲜花店	,2
884,【铂金玫瑰】11只铂金玫瑰礼盒 搭配一对小熊送爱人送朋友	,2
886,『与尔携老』19枝红玫瑰鲜花花束七夕节送女友鲜花	,2
861,『感恩教师』满天星花束搭配礼品袋教师节送老师鲜花	,2
860,『夜色阑珊』19枝红玫瑰搭配黄英礼盒七夕节送女友鲜花店	,2
859,『感恩教师』5枝康乃馨搭配满天星花束送老师（不包括橱窗礼盒）	,2
849,『优质绿植』小绿萝居家绿植送朋友送客人绿植	,2
842,『爱情爱情』19枝红玫瑰搭配两朵百合鲜花圣诞节礼盒109	,2
843,『爆款推荐』11枝红玫瑰搭配满天星韩式花束送女友告白款	,2
946,一日为师	,2
945,99朵香槟玫瑰	,2
844,[向日葵的微笑]3支向日葵尤加利混搭精美花束	,2
845,『日常家居鲜花』1枝白玫瑰（一公里内配送，不带瓶装。）	,2
846,粉色拉丝太阳花	,2
847,『依依不舍』玫瑰混搭手提鲜花花篮 送情人 送闺蜜推荐鲜花	,2
848,『黄金满室向日葵+百合+玫瑰+桔梗+尤加利开业花蓝一只	,2
850,简约玻璃花瓶（自取不送）	,2
943,谁言寸草心 52朵粉康+5个乒乓菊花束母亲节送妈妈送母亲礼物	,2
851,『容颜不老』11枝香槟玫瑰搭配桔梗洋甘菊花束七夕节礼物	,2
944,『顺心如意』三脚架开业花篮婚礼布置结婚礼仪演唱会庆典（一个）	,2
852,love you创意礼盒	,2
853,3支向日葵粉色玫瑰康乃馨尤加利温馨花束	,2
854,（自取）『老师您辛苦了』单枝向日葵搭配尤加利花束教师节送老师	,2
855,『芯芯相印』圆形蜡烛一盒520送女友礼物	,2
856,『传道授业』精致包装搭配典雅粉色满天星花束送美观小灯教师节	,2
857,『珍馐美馔』精致包装搭配美艳向日葵花束送朋友送老师′	,2
858,『瓜瓞延绵』11枝香槟玫瑰搭配粉色满天星花束送情人送老婆	,2
887,『日常家居鲜花』3枝粉玫瑰（一公里内配送不带瓶装。）	,2
889,10支苏醒玫瑰（一公里内免费配送）	,2
890,『店长推荐』3枝向日葵生日礼物鲜花花束	,2
932,『宾客如云』单层开业花篮婚礼布置开业礼仪演唱会庆典（一个）	,2
915,『无私奉献』11枝粉康乃馨搭配尤加利韩式花束母亲节送父母鲜花	,2
916,『情意绵绵』19枝红玫瑰搭配尤加利叶礼盒七夕情人节礼物鲜花店	,2
917,『织女』11枝香槟玫瑰搭配尤加利花束七夕情人节礼物鲜花	,2
918,开业大吉普通金布单层开业花篮一对	,2
936,『同心同德』11枝粉玫瑰搭配银叶菊送女友女神节鲜花	,2
935,『为爱相随』33枝红玫瑰黑纱花束送女友送老公鲜花	,2
933,到店自取『爱如潮水』11枝红玫瑰花束	,2
919,【店家推荐】向日葵搭配玫瑰小花束促销爆款仅限自取	,2
920,『店家爆款』3枝玫瑰散装 仅限自取 可选颜色	,2
930,『翱翔展翅』11枝玫瑰搭配向日葵混搭抱抱桶毕业季礼物送同学	,2
913,?一生一世?11朵香槟玫瑰+白色满天星 白色雾面纸包装	,2
921,『感恩教师』5枝康乃馨搭配满天星花束送老师鲜花(无橱窗袋）	,2
922,【店家推荐】向日葵搭配桔梗小雏菊小花束活动爆款精致仅限自取	,2
929,『矢志不渝』99枝粉玫瑰搭配绿叶花束520送女友情人节鲜花	,2
928,A款玻璃花瓶	,2
927,『缤纷』33朵混搭香槟玫瑰戴安娜玫瑰送女友鲜花	,2
926,『瑰丽多彩』19枝红玫瑰闪灯搭配满天星黑纱花束送女友送老婆	,2
925,『爱的就是你』52枝红玫瑰高端心形礼盒 送女友鲜花店	,2
973,『BlackyarnB1』33枝红玫瑰黑纱情人节鲜花七夕礼物	,2
923,『BL19』11枝红玫瑰花搭配尤加利圣诞节赠巧克力米奇礼盒	,2
914,『BlackyarnB2款』33枝玫瑰鲜花花束七夕情人节礼物	,2
912,『店家爆款』19枝玫瑰 自取款 可选颜色	,2
892,『目成心许』11枝粉玫瑰七夕情人节送女友送闺蜜生日鲜花	,2
900,『爱的祝福』11枝粉康乃馨搭配情人草花束送父母鲜花	,2
893,『为爱相随』33枝红玫瑰黑纱花束送女友七夕情人节鲜花花束	,2
894,『旷世容颜』11枝香槟玫瑰搭配桔梗尤加利圣诞节花束	,2
941,『Goddess C5款』19枝香槟玫瑰+2只小熊送女友礼盒	,2
895,三生三世—33朵红玫瑰满天星礼盒	,2
896,『陌上花开』33枝香槟玫瑰搭配黄英礼盒情人节送女友鲜花店	,2
897,七夕快乐—33红玫瑰加满天星小夜灯	,2
898,翠珠、仙气十足（一公里内免费配送）	,2
899,『财源广进』50朵扶郎花+2朵百合特价双层开业花篮	,2
939,『热恋』33枝红玫瑰抱抱桶  送亲人 送闺蜜 送情人推荐	,2
901,『Classic C4款』19枝红玫瑰+2只小熊七夕情人节	,2
911,?钟爱?单枝红玫瑰 1公里内配送 1公里外拍下不配送	,2
902,【美好限定】11朵红玫瑰搭配尤加利红色花束	,2
903,爱情永固11枝红玫瑰搭配满天星礼盒七夕情人节礼物鲜花	,2
904,『唯爱一生』11枝红玫瑰搭配尤加利韩式花束送女友七夕情人节	,2
905,『爱不释手』8枝粉玫瑰+3枝白玫瑰礼盒七夕礼物情人节鲜花	,2
906,『两厢情缘』11枝红玫瑰搭配满天星花束七夕礼物情人节鲜花	,2
907,『润物无声』5朵百合小型花束 教师节礼物 送老师	,2
908,『郎哥织女』11枝香槟玫瑰尤加利送女神爱人情人节鲜花花束	,2
909,?爆款?请和花束一同下单，单拍没用，请自行退款！	,2
910,（自取）『天真无邪』单支玫瑰	,2
947,『感恩教师』单枝向日葵搭配满天星韩式花束教师节送老师鲜花	,2
940,鸿运当头招财树绿植盆栽一对	,2
964,『德高望重』满天星韩式小花束教师节送老师鲜花（颜色可选）	,2
834,『优质绿植』小绿萝居家绿植送朋友送客人（5盆起配送）	,2
833,单只红玫瑰不配送	,2
963,『爱的海洋』满天星花束糖果球网红灯送女友送老婆生日礼物	,2
949,白色情人节-11枝白玫瑰礼盒送爱人母亲同事朋友领导	,2
970,[满天星辰]粉色进口满天星精品手提袋赠送许愿灯	,2
831,『中元节』黄白菊搭配百合混搭大花圈 祭奠殡葬专用	,2
969,『如故』33枝粉玫瑰花束七夕情人节送女友生日礼物鲜花店	,2
830,『径情直遂』11枝红玫瑰搭配白色满天星花束赠送精致小皇冠	,2
829,尤加利叶子	,2
828,七夕爆款-11枝粉玫瑰满天星花束	,2
827,『爱意绵绵』9枝白粉瑰混搭花束 520情人节 鲜花店爆款	,2
967,19朵粉色雪山公主抱抱满天繁星	,2
826,教师节单支向日葵(限自取)	,2
966,『步步高升绣球+玫瑰+满天星+桔梗开业花篮	,2
825,『日进斗金』年宵花银柳圆形福桶装饰送亲人送朋友年宵节	,2
955,『千娇百媚』33枝红玫瑰搭配尤加利韩式花束七夕情人节鲜花店	,2
954,『心有灵犀』19枝粉玫瑰搭配银叶菊礼盒 38女神节生日礼物	,2
824,『鸳鸯壁合』康乃馨混搭玫瑰五彩手捧花送情人送老婆爱意无价	,2
823,橙色芭比小玫瑰	,2
953,向日葵搭配香槟玫瑰尤加利家居瓶插	,2
951,『天天年年』9枝红玫瑰鲜花束七夕情人节送女朋友鲜花	,2
950,『亭亭玉立』11枝粉玫瑰配尤加利韩式花束情人节礼物鲜花	,2
965,『天真无邪』单支玫瑰自取不配送	,2
822,【小可爱】11朵粉玫瑰鲜花束送对象恋人生日鲜花同城花店配送	,2
817,『花容月貌』11枝红玫瑰搭配相思梅精致礼盒鲜花情人节送女友	,2
818,（限量抢购仅限自提）单枝向日葵精美小花束	,2
821,『寸心如意』8枝非洲菊弗朗家居花	,2
820,[美好时光]3支向日葵香槟玫瑰折射多头玫瑰混搭款	,2
971,『喜庆满堂红玫瑰+开业花篮庆典玫瑰混搭一只	,2
968,一见倾心〔粉色雪山洋桔梗粉绣球〕新款	,2
835,『长长久久』9枝粉玫瑰搭配粉色满天星精致花束	,2
959,【七夕情人节鲜花-主推款】9枝红玫瑰满天星送女友礼物鲜花花束	,2
957,单枝向日葵拍照神器鲜花	,2
958,向日葵搭配白玫瑰小雏菊尤加利家居瓶插	,2
956,99朵红玫瑰花束	,2
840,『心中有你』6枝粉玫瑰搭配满天星精致花束	,2
839,红色康乃馨	,2
837,『守望幸福』52枝红玫瑰搭配尤加利韩式花束送女友情人花束	,2
836,『爱情契约』11枝粉色康乃馨搭配8枝玫瑰混搭花束 女神节	,2
838,一心一意]11朵粉色雪山清新款	,2
972,『活动特惠』11只红玫瑰韩式花束七夕情人节鲜花	,2
960,【七夕情人节鲜花-主推款】9枝粉玫瑰满天星送女友礼物鲜花花束	,2
962,『温香艳玉』11枝红玫瑰花搭配尤加利礼盒七夕情人节礼物鲜花	,2
961,致恩师教师节11朵粉色康乃馨花束	,2
948,『BH07』11枝红玫瑰搭配尤加利花束圣诞节送闺蜜鲜花店	,2
819,『日常家居鲜花』小束白色洋桔梗（一公里内配送，不带瓶装。）	,2
1402,『富贵临门』大麦大卖开业花篮送朋友送客人鲜花	,1
1418,『中元节』30枝白黄菊搭配鱼尾草混搭 祭奠殡葬专用	,1
1391,『日常家居鲜花』3枝粉玫瑰（自取款，不带瓶装。）	,1
1390,『日常家居鲜花』小束洋甘菊（自取款）	,1
1417,『爆款推荐』11枝红玫瑰花束七夕情人节爆款礼物送女友鲜花店	,1
1389,母亲节 油画风手提花篮	,1
1388,韩式网红气球抱抱桶B款	,1
1387,大吉大利开业花篮一对	,1
1386,11枝红玫瑰搭配桔梗尤加利韩式花束	,1
1385,『情比金坚』19枝红玫瑰尤加利叶韩式花束七夕情人节礼物鲜花店	,1
1393,『共挽鹿车』33枝粉玫瑰搭配尤加利礼盒情人节送女友鲜花店	,1
1384,『比翼双飞』19枝香槟玫瑰搭配尤加利礼盒七夕情人节礼物鲜花	,1
1419,『含露低垂』7朵香水百合6月花礼送女友鲜花花束	,1
1383,『花信年华』11枝香槟玫瑰搭配尤加利礼盒七夕情人节礼物鲜花店	,1
1420,『良师诤友 』粉康乃馨花束教师节送老师送长辈鲜花	,1
1382,『美满良缘』11枝红玫瑰搭配尤加利韩式花束七夕情人节礼物鲜花	,1
1380,?至死不渝?粉色满天星鲜花花束送爱人女友闺蜜礼物	,1
1381,『心动爱人』11枝红玫瑰网红怦然心动礼盒 送情人老婆女上司	,1
1392,『日常家居鲜花』3枝粉色康乃馨（自取款，不带瓶装。）	,1
1394,『心有灵犀』9枝粉玫瑰搭配满天星花束送女友送老婆	,1
1412,教师节花束-康乃馨满天星花束免费配送	,1
1396,『一吻便颠倒众生』11枝红玫瑰尤加利礼盒情人节礼物鲜花	,1
1413,阳光-5枝向日葵搭配洋甘菊尤加利花束	,1
1401,『Niu郎款』11枝红玫瑰鲜花花束七夕礼物送女友闺蜜男友鲜花	,1
1400,天长地久  9支红玫瑰花束配尤加利叶，爱意表达，地久天长。	,1
1399,『貌美如花』33枝粉色康乃馨搭配桔梗尤加利花束 七夕节礼物	,1
1398,『桃李芬芳』 9枝香槟玫瑰搭配绣球+3枝向日葵花篮情人节	,1
1403,『华堂焕彩』三脚架开业花篮婚礼布置结婚礼仪演唱会礼品（一个）	,1
1397,『向阳花开』3枝向日葵搭配洋桔梗情人草花束送老师送朋友	,1
1414,『情意绵绵』6枝粉玫瑰满天星花束七夕情人节礼物鲜花店	,1
1404,橙色系婚礼会议小桌花	,1
1405,『教人为善』11枝香槟玫瑰+6朵百合花束 教师节礼物 送老师	,1
1415,『小幸福』向日葵玫瑰混搭花束送朋友送同学推荐	,1
1411,网红-玫瑰百合混搭花束送老师送朋友推荐	,1
1416,三生有幸 11枝粉色康乃馨礼盒-生日鲜花长辈甄选	,1
1410,『大卖』大麦满天星开业花篮（一个）	,1
1409,假花瓣1000片	,1
1395,母亲节-滴水之恩『11朵红色康乃馨+3朵玫瑰花束』送妈妈母亲	,1
1408,开业大吉-开业花篮 1个 下单前联系商家	,1
1554,简约玻璃花瓶高15厘米	,1
1379,?艳阳高照?11枝粉玫瑰花束送女友送老婆鲜花爱意无价	,1
1338,『感恩教师』3枝康乃馨搭配满天星韩式花束教师节送老师鲜花	,1
1349,『精品绿植』发财树居家绿植送客人送朋友	,1
1348,粉色爱恋，韩式混搭小花束	,1
1347,『情投意合』11枝粉玫瑰搭配尤加利花束七夕情人节礼物鲜花店	,1
1346,『爱的就是你』52枝红玫瑰高端心形礼盒七夕情人节礼物鲜花店	,1
1345,『CL16』19枝香槟玫瑰搭配桔梗浪漫礼盒圣诞节送闺蜜鲜花店	,1
1344,桃李三千教师节19朵红色康乃馨花束	,1
1343,『爱情永固』11枝红玫瑰尤加利送女神爱人情人节鲜花礼盒	,1
1342,单枝 玫瑰 自取款	,1
1341,『白璧无瑕』5朵百合小型花束鲜花七夕礼物送女友鲜花	,1
1340,『冰雪聪明』12枝香槟玫瑰搭配尤加利花束七夕礼物情人节鲜花	,1
1339,『锲而不舍』11枝粉玫瑰搭配尤加利花束七夕礼物情人节鲜花	,1
1337,『能者为师』11枝粉色康乃馨礼盒母亲节送父母送爱人鲜花	,1
1378,?织女?11枝香槟玫瑰搭配尤加利花束七夕礼物鲜花店	,1
1336,『店家推荐』店铺特价小花瓶自取款送朋友	,1
1335,『七夕爆款』99枝红玫瑰女王皇冠款（下单就送led闪灯）	,1
1334,『辛勤园丁』11枝粉玫瑰搭配满天星花束教师节礼物鲜花	,1
1333,『极婺联辉』11枝黄玫瑰搭配尤加利花束送情人送老婆	,1
1332,『答疑解惑』高雅满天星花束教师节送老师送长辈鲜花	,1
1331,『休声美誉』精致包装搭配迷人玫瑰花花束送朋友送老师′	,1
1330,『良辰美景』精致包装搭配美艳向日葵花花束送朋友送老师′	,1
1329,『郎才女貌』24枝红玫瑰搭配黄英礼盒七夕情人节礼物鲜花店	,1
1328,『芳年华月』精致小圆纸桶搭配随机惊喜花束送朋友送老师′	,1
1327,『玉软花柔』3枝红色康乃馨搭配尤加利韩式花束自取款(不配送)	,1
1326,『相见恨晚』11枝香槟玫瑰搭配满天星栀子叶礼盒七夕情人节	,1
1350,『精品绿植』龟皮叶居家绿植送客人送朋友	,1
1351,『父亲节』9枝向日葵混搭花束送长辈送父亲鲜花	,1
1352,『遥远思念』19枝粉康乃馨搭配尤加利花束母亲节送父母鲜花	,1
1353,『AWM』99枝红玫瑰女王送女友礼盒 推荐鲜花店	,1
1377,?玉树琼枝?混搭玫瑰搭配绣球手捧花送爱人送老婆爱意无价	,1
1376,?艳丽动人?19枝红玫瑰搭配桔梗韩式花束七夕情人节礼物鲜花店	,1
1375,?钟爱?单枝粉玫瑰 1公里内配送 1公里外拍下不配送	,1
1374,黄白菊混搭弗朗鲜花花篮 清明节中元节祭奠鲜花	,1
1373,『给你的爱』52枝红玫瑰花束 七夕送女友情人节礼物推荐鲜花店	,1
1372,『永久的爱』19枝红玫瑰搭配尤加利花束情人节礼物鲜花	,1
1371,『倾城倾国』11枝红玫瑰配尤加利韩式花束情人节礼物鲜花	,1
1370,『日常家具鲜花』一枝向日葵搭配雏菊韩式花束特价款	,1
1369,师恩难忘教师节预定爆款	,1
1422,『蜡炬成灰泪始干 』康乃馨花束教师节送老师送长辈鲜花	,1
1367,孜孜不倦教师节向日葵花束送老师	,1
1366,家居瓶插花白玫瑰搭配尤加利叶	,1
1365,浪漫粉色雪山家居瓶插	,1
1364,『日常家居鲜花』小束洋甘菊	,1
1362,『欢乐时光』5枝向日葵洋桔梗花束送老师送同学鲜花	,1
1361,『于飞之乐』蓝色绣球搭配桔梗手捧花送情人送老婆爱意无价	,1
1360,『日常家居鲜花』3枝白百合）	,1
1359,『诗和远方』11枝粉玫瑰搭配满天星花束七夕情人节鲜花	,1
1358,『福禄鸳鸯』11枝香槟玫瑰搭配2支百合七夕情人节礼物鲜花	,1
1357,太阳花束干花天然	,1
1356,『花颜月下』29枝红玫瑰七夕情人节鲜花	,1
1355,『网红推荐』网红小花束单只自取款	,1
1354,简约玻璃花瓶	,1
1421,『德隆望尊』精致包装搭配满天星花束教师节送老师送长辈鲜花	,1
1438,『福禄鸳鸯』11枝蓝色妖姬花束七夕情人节礼物	,1
1423,【店家推荐】向日葵小花束活动促销爆款自取款	,1
1592,『精致盆栽』特价多肉盆栽防辐射珊瑚捧（带盆）	,1
1577,『情义深浓』11枝玫瑰礼盒送女友送老婆鲜花	,1
1579,『Classic C4款』19枝红玫瑰鲜花花束	,1
1516,『道歉款』11枝粉玫瑰搭配尤加利花束七夕情人节礼物鲜花店	,1
1512,『卿粉佳人』19枝粉玫瑰搭配尤加利韩式花束送情人送闺蜜鲜花	,1
1585,『花香鸟语』香槟玫瑰搭配向日葵混搭韩式花束送女友送老婆鲜花	,1
1586,『嬉戏玩乐』六一特别礼C款送儿童送老师礼物鲜花	,1
1509,『繁花似锦』99枝红玫瑰花鲜花束送女友生日鲜花礼物鲜花店	,1
1587,『天真烂漫』六一特别礼A款送儿童送老师礼物鲜花	,1
1588,[一心一意爱你]11朵玫瑰粉色满天星花束赠送许愿灯	,1
1590,『事事如意』单枝向日葵搭配百合玫瑰混搭花束	,1
1591,【不离不弃 】11朵混搭玫瑰搭配2枝向日葵送女友送爱人送情人	,1
1502,白色满天星B款	,1
1604,妈妈您辛苦了 11枝康乃馨鲜花礼盒 送母亲生日鲜花礼物	,1
1595,『同心同德』11枝粉玫瑰搭配尤其加利送女友七夕礼物鲜花	,1
1596,『如花似玉』6枝粉玫瑰+3枝白玫瑰花束礼物鲜花生日鲜花	,1
1597,『玉貌花容』9枝红玫瑰花搭配尤加利礼盒生日鲜花礼物花店鲜花	,1
1598,一支向日葵搭配玫瑰桔梗韩式小花束	,1
1495,『伯劳飞燕』11枝香槟玫瑰搭配向日葵混搭花束生日鲜花礼物	,1
1494,『海枯石烂』19枝红玫瑰搭配满天星礼盒生日鲜花礼物鲜花	,1
1493,『沉默的爱』混搭玫瑰搭配绣球花手提花篮 送女友亲人生日鲜花	,1
1599,『爆款贺卡』需与花束搭配下单 机器打印 单拍没用	,1
1600,『春光灿烂』向日葵手提鲜花花篮 送闺蜜 送情人生日鲜花	,1
1490,『诗情画意』11枝红玫瑰花束搭配白色满天星生日鲜花礼物	,1
1602,『仙姿佚貌』黄白混搭玫瑰搭配向日葵小百合花束送老婆生日鲜花	,1
1521,『提前3天预订』11枝艾莎玫瑰高端花束送女友送老婆鲜花	,1
1576,『妖娆迷人』33枝红玫瑰搭配相思梅花束七夕礼物情人节鲜花	,1
1523,『欢喜』多头百合搭配向日葵混搭花束七夕礼物送老师送同学	,1
1575,『店长推荐』向日葵搭配水果花束送女友送老婆鲜花	,1
1553,『快乐童年』六一特别礼D款送儿童送老师礼物鲜花	,1
1557,『相亲相爱』粉玫瑰白色满天星超豪华后备箱送女友老婆情人爱人	,1
1551,『谈情说爱』19枝白玫瑰鲜花礼盒情人节送爱人女友礼物	,1
1558,『如花似朵』6枝粉玫瑰搭配满天星韩式花束送女友送老婆鲜花	,1
1559,『美满良缘』11枝香槟玫瑰搭配桔梗韩式花束七夕情人节礼物鲜花	,1
1560,『提前3天预订』9枝进口吸色玫瑰高端花束送女友鲜花	,1
1549,『生机勃勃』3枝向日葵搭配康乃馨花束七夕情人节礼物	,1
1562,『天天想你』粉色满天星花束 30cm	,1
1545,『金风送爽』9枝粉玫瑰花搭配满天星送女友送爱人同城配送	,1
1543,『日常家居鲜花』3枝粉百合（不带瓶装）	,1
1541,『千秋几世』5枝粉玫瑰搭配尤加利精美小花束送老婆送爱人	,1
1566,『来自星星的你』蓝色鲜花满天星礼盒礼物送女友推荐鲜花	,1
1538,『日常家居鲜花』3枝黄百合（不带瓶装）	,1
1537,『相爱一生』11枝红玫瑰搭配尤加利韩式花束送女友送老婆鲜花	,1
1568,（自取款）随机小花不带包装自取	,1
1535,『百花飘香』99枝香槟皇冠款鲜花花束七夕情人节礼物鲜花店	,1
1534,『秋兰飘香』混搭玫瑰搭配三朵向日葵花束送女友情人全城配送	,1
1533,『漫天星空』蓝色满天星搭配星空球花束七夕节送女友鲜花049	,1
1569,幸运—向日葵满天星花束	,1
1531,『妖娆迷人』33枝红玫瑰搭配花束七夕礼物情人节鲜花	,1
1570,『前程似锦』3朵向日葵搭配红豆韩式花束毕业季礼物送老师送同学	,1
1527,『大吉大利时尚开业花篮一对	,1
1573,『温柔是你』11枝粉玫瑰搭配尤加利韩式花束送女友送闺蜜鲜花	,1
1603,『织女款』11枝粉玫瑰花礼盒鲜花生日鲜花礼物花店鲜花	,1
1605,『Goddess C5款』19枝红玫瑰搭配尤加利鲜花七夕节	,1
1424,『伯劳飞燕』11枝香槟玫瑰搭配5枝向日葵混搭	,1
1556,单枝尤加利鲜花配花配草副花副草插花	,1
1449,『一生唯爱』33枝红玫瑰礼盒七夕礼物送女友情人节鲜花	,1
1448,『一世不移』9枝红玫瑰花搭配尤加利礼盒送女友送闺蜜鲜花	,1
1447,『精品绿植』富贵叶居家绿植送朋友送客人（一颗）	,1
1446,粉色满天星花束	,1
1445,自取款-----精致花瓣2片	,1
1444,『网红女神款』33枝粉玫瑰白纱花束送女友七夕情人节鲜花	,1
1443,大众开业花篮一对	,1
1442,『觅爱追欢』19枝粉玫瑰搭配尤加粉色相思豆利花束送女友七夕节	,1
1441,『摘下星星给你』粉色满天星搭配星空球花束七夕情人节送女友鲜花	,1
1440,『深情』19枝粉玫瑰搭配尤加利花束七夕礼物送女友送闺蜜鲜花	,1
1439,『高雅素洁』19枝蓝色妖姬礼盒七夕情人节礼物	,1
1437,『阳光温暖』5枝向日葵洋桔梗尤加利花束送老师送同学鲜花	,1
1606,『爆款彩灯』需与花束搭配下单 单拍没用 需与花束搭配下单	,1
1436,『陪伴』19枝粉玫瑰搭配尤加利礼盒七夕礼物送女友鲜花	,1
1435,『柔情蜜意』19枝粉玫瑰配桔梗满天星抱抱桶七夕礼物情人节鲜花	,1
1434,『Blue A1款』11枝蓝色玫瑰鲜花儿七夕节礼物礼盒	,1
1433,『巧夺天工』33枝红玫瑰花搭配桂冠韩式花束送女友七夕礼物	,1
1432,香皂花红玫瑰A款	,1
1431,香皂花向日葵B款	,1
1429,『生意兴隆』三脚架气球开业花篮婚礼布置结婚礼仪演唱会（一对）	,1
1428,单枝粉玫瑰（自取款）	,1
1427,『感恩教师』5枝康乃馨搭配满天星花束教师节（不带手提袋）	,1
1426,『中元节』19枝白黄菊混搭花束 祭奠殡葬专用	,1
1425,『梦笔生花』9枝粉玫瑰搭配粉色满天星韩式花束送女友送老婆鲜花	,1
1450,『美丽的你』9枝混搭玫瑰花搭配尤加利韩式花束七夕情人节鲜花	,1
1451,『一吻便救一个人』11枝红玫瑰尤加利花束七夕礼物礼物鲜花	,1
1452,『诗和远方』11枝粉玫瑰搭配相思梅花束七夕情人节鲜花	,1
1453,『GoddessD1款』33枝红玫瑰鲜花儿相思梅花束七夕礼物	,1
1324,10支粉红雪山玫瑰（一公里内免费配送）	,1
1484,『至死不渝』白色满天星配纱花束送爱人女友闺蜜礼物	,1
1607,『优质绿植』幸福树居家绿植送朋友送客人绿植A	,1
1608,『快乐童年』儿童创意礼韩式花束送儿子送女儿鲜花	,1
1610,『秀外慧中』11枝粉玫瑰搭配尤加利礼盒生日鲜花送女友	,1
1612,『一生情缘』11枝粉玫瑰搭配桔梗混搭鲜花束生日鲜花礼物	,1
1477,财源荿盛热销花篮一对	,1
1614,33朵香槟玫瑰花束	,1
1615,『浪漫情怀』两色粉玫瑰混搭绣球手提鲜花篮生日鲜花送情人送闺蜜	,1
1474,『春花秋月』混搭玫瑰搭配小雏菊精美配花小花束送老婆送爱人	,1
1472,『邂逅之缘』33枝玫瑰黑纱包装表白花束七夕礼物情人节鲜花店	,1
1617,『快乐童年』六一特别礼D款送儿童送老师生日鲜花礼物	,1
1469,『暮翠朝红』19枝红玫瑰花礼盒生日鲜花礼物花店鲜花	,1
1468,妈妈您辛苦了 D5款 11枝康乃馨鲜花礼盒 送母亲七夕礼物	,1
1619,『月满西楼』6枝红玫瑰花搭配尤加利精美小花束生日鲜花礼物	,1
1620,『Blue D7款』33枝蓝妖玫瑰花生日鲜花礼物花店鲜花	,1
1465,『皓月当空』11枝红玫瑰满天星礼盒七夕礼物送女友鲜花	,1
1621,『精致盆栽』芦荟盆栽多肉植物室内（带盆）	,1
1622,『咫尺天涯』粉玫瑰搭配乒乓菊韩式手提花篮生日鲜花礼物鲜花	,1
1623,『国色天香』19枝红玫瑰配尤加利桔梗花束礼物鲜花生日鲜花	,1
1624,『脱颖而出』6朵向日葵搭配桔梗混搭花束毕业季礼物生日鲜花礼物	,1
1625,『情根爱胎』19枝红玫瑰搭配桔梗尤加利礼盒生日鲜花礼物	,1
1454,『楚楚动人』33枝红玫瑰韩式花束送女友七夕情人节鲜花	,1
1325,『爱情契约』11枝粉色康乃馨搭配尤加利花束 七夕礼物	,1
1301,『日常家居鲜花』小束白色雏菊（不带瓶装）	,1
1323,5支小菊2（一公里内免费配送）	,1
1099,『Goddess D3款』33枝红玫瑰花儿 天心礼盒鲜花店	,1
1101,开业盆景金钱树	,1
1102,『嫁给我把』11枝红玫瑰花束情人节送女友送闺蜜鲜花店送花上门	,1
1103,『Lovely D4款』33枝粉鲜花康乃馨+2只小熊鲜花礼盒	,1
1104,『店铺推荐』单枝粉玫瑰花束 仅支持到店自取或3支以上起送	,1
1105,『恭喜发财』三脚架开业花篮结婚礼仪庆典婚礼布置演唱会（一对）	,1
1106,『感受温暖』33枝粉色康乃馨花束 女神节生日礼物	,1
1107,万年青居家绿植送朋友送客人绿植带瓷盆	,1
1108,『琴心相挑』19枝红玫瑰抱抱桶情人节送女友生日快乐鲜花店	,1
1110,『花房姑娘』33枝红玫瑰搭配红豆花束送女友 送闺蜜鲜花	,1
1111,『星光璀璨时尚满天星韩式开业花篮一个	,1
1112,『Blue D2款』【33枝蓝色玫瑰鲜花儿七夕礼物礼盒】	,1
1113,妈妈您辛苦了 D5款 11枝康乃馨鲜花礼盒 送母亲送亲人	,1
1114,教师节鲜花送老师花束L款	,1
1115,教师节鲜花送老师B款	,1
1116,红豆相思豆	,1
1100,『纯真无邪』六一儿童创意礼D款送儿童送老师礼物鲜花	,1
1097,『两情相悦』33枝粉色玫瑰花搭配尤加利送人鲜花送女友鲜花店	,1
1118,母亲节-体贴入微 19朵康乃馨配满天星鲜花花束 送妈妈送母亲	,1
1096,『感念师恩』19枝康乃馨+8朵百合花束 教师节礼物 送老师	,1
1081,1枝香槟玫瑰 不配送 不带瓶 不包装 仅自取	,1
1082,『天长地久』19枝香槟玫瑰尤加利送老婆女友情人节鲜花花束	,1
1083,『独爱一人』11枝香槟玫瑰搭配尤加利花束七夕节送女友鲜花店	,1
1084,『艳阳高照』11枝粉玫瑰花束送女友送老婆鲜花爱意无价	,1
1085,高档大气开业乔迁送礼	,1
1086,开业乔迁鸿运当头一盆	,1
1087,平安树绿色盆栽	,1
1088,『枯木逢春』红玫瑰搭配蓬莱松礼盒情人节送女友鲜花店	,1
1089,『店家推荐』20枝粉康乃馨家居鲜花（预售，到店自取款）	,1
1090,『琦年玉貌』6枝香槟玫瑰搭配3枝向日葵混搭花束送老师鲜花	,1
1091,『步步高升』3枝向日葵简约韩式花束送老师鲜花	,1
1092,『前程似锦』6枝向日葵搭配6枝香槟玫瑰混搭花束送老师鲜花	,1
1093,『学而不厌』19枝康乃馨搭配桔梗花束 教师节礼物 送老师	,1
1094,『美不胜收』33枝红玫瑰搭配尤加利韩式花束七夕情人节鲜花	,1
1095,『生机勃勃』5枝向日葵搭配红豆尤加利韩式花束送朋友送同学鲜花	,1
1117,11朵红玫瑰花束06	,1
1119,『精品绿植』大号绿萝居家绿植送客人送朋友（一颗带架子）	,1
1077,开业花篮B款（一对）	,1
1139,（美好时光）19朵戴安娜粉色玫瑰满天星点缀礼盒	,1
1141,『春风得意』19玫瑰搭配黄莺礼盒七夕礼物送女友鲜花	,1
1142,99朵红玫瑰花束08	,1
1143,11朵红玫瑰花束（02）	,1
1144,11朵红玫瑰花束03	,1
1145,生日花束送姐妹，同事	,1
1146,『财源广进』开业大麦韩式抱抱桶送朋友送客人鲜花	,1
1147,单枝粉玫瑰花束自取款（不配送）	,1
1148,『日常家居鲜花』小束粉色满天星（一公里内配送，花瓶随机。）	,1
1151,秋风送喜网红大麦开业花篮（1个）	,1
1152,一生一世的爱	,1
1153,『生意兴隆』三脚架气球开业花篮	,1
1154,香水白百合六七个花苞	,1
1155,满天星	,1
1156,『金枝玉叶』11枝黄玫瑰搭配尤加利花束七夕礼物送女友鲜花	,1
1158,33朵红玫瑰花束（03）	,1
1140,11朵艾莎玫瑰花束	,1
1138,【热卖A款】工艺花饰 永生花永恒不变的爱	,1
1120,『精致干花』特价版天然麦穗干花（带瓶）	,1
1137,【永生花】99朵铂金玫瑰 工艺玫瑰不变形  不褪色大花束	,1
1122,爱的见证百合花束	,1
1123,一生一世 11朵红玫瑰花束礼盒装	,1
1124,19支粉玫瑰花束	,1
1125,Goddess C4款19枝红玫瑰鲜花礼盒七夕情人节鲜花	,1
1126,一米花束小灯 搭配花束更漂亮-～	,1
1127,网红许愿兔干花花束许愿灯送闺蜜送女友	,1
1128,『教书育人』19枝粉玫瑰搭配尤加利花束 教师节礼物 送老师	,1
1129,要你幸福	,1
1130,向阳而生	,1
1131,浪漫，梦幻，守护梦想的独角兽	,1
1132,『求婚』199枝红玫瑰精致大型黑纱花束七夕送女友礼物鲜花	,1
1133,『红红火火』三脚架开业花篮婚礼布置结婚礼仪演唱会庆典（1个）	,1
1134,『繁花似锦』99枝红玫瑰花鲜花束送女友生日礼物送女友鲜花店	,1
1135,『天生丽质』向日葵粉康乃馨洋桔梗小花束送老师送师生（自提款）	,1
1136,【金粉玫瑰】99朵金粉玫瑰花束 高端款 送亲人送爱人送朋友	,1
1078,『父亲节』3朵向日葵搭配玫瑰混搭花束父亲节礼物送父亲鲜花	,1
1076,『爱你每一天』粉色满天星花束七夕情人节礼物送女友礼物鲜花	,1
1322,5支小雏菊1（一公里内免费配送）	,1
1017,风情月意·19只精美礼盒精品玫瑰	,1
1019,『新店特惠』11支红玫瑰搭配满天星礼盒	,1
1020,『爱意绵绵』11枝红玫瑰韩式花束送女友送老婆鲜花	,1
1021,『桃李芬芳』向日葵，搭配尤加利花束教师节礼物鲜花店	,1
1022,『百花飘香』99枝红玫瑰花礼盒七夕情人节礼物鲜花店	,1
1023,就是喜欢 52朵蓝玫瑰花束	,1
1024,神秘之爱，蓝色满天星高端礼盒	,1
1025,『兴业长新』三脚架开业花篮婚礼布置结婚礼仪庆典（一对）190	,1
1026,『春风得意』三脚架开业花篮婚礼布置开业大麦（一对）	,1
1027,情真意切11枝粉玫瑰搭配尤加利韩式花束七夕情人节礼物鲜花	,1
1028,日常家居鲜花小束蓝色满天星（一公里内配送，不带瓶装。）	,1
1029,『Lovely D2』33枝戴安娜鲜花+配草 送女友花束	,1
1030,日常家居鲜花小束白色雏菊（一公里内配送）	,1
1031,天天想念 粉色满天星简单小花束（自取）	,1
1032,『富贵吉祥』富贵竹两把不含花瓶送父母五公里不送仅限五公里内	,1
1033,精致19枝红玫瑰花盒	,1
1018,『父亲节』11枝玫瑰搭配向日葵混搭抱抱桶父亲节送父亲鲜花	,1
1016,【为人师表】3朵向日葵混搭花束	,1
1035,教师节向日葵小花束(自提)	,1
1015,【致青春致成长】4枝向日葵混搭花束	,1
1000,『三尺讲台』19枝红玫瑰+6朵百合花束 教师节礼物 送老师	,1
1001,桃李芬芳11枝香槟玫瑰搭配尤加利花束教师节礼物鲜花店	,1
1002,今日特卖向日葵花束	,1
1003,『裙子好球』33枝红玫瑰礼盒七夕礼物送女友情人节鲜花	,1
1004,『魂牵梦索』满天星鲜花花束七夕情人节礼物送女友推荐鲜花	,1
1005,『恩重如山』5枝向日葵花束七夕情人节日礼物送老师鲜花	,1
1006,『如星璀璨』满天星花束 糖果球红灯送女友送老婆七夕礼物	,1
1007,『Classic B4款』表白神器11枝红玫瑰七夕情人节鲜花	,1
1008,教师节花束3束起送	,1
1009,『Goddess C5款』19枝香槟玫瑰+2只小熊七夕节礼盒	,1
1010,『阳光灿烂』9枝香槟玫瑰4枝向日葵混搭花束送老师	,1
1011,『师恩难忘』6枝向日葵洋桔梗花束	,1
1012,单支向日葵毕业拍照神器（只限自取）	,1
1013,到店自取『情真意切』11枝粉玫瑰搭配尤加利韩式花束	,1
1014,【财源广进】粉色气球开业花篮 一对	,1
1034,11支红枚花束	,1
1036,『红艳欲滴』33枝红玫瑰花束	,1
1075,『朝朝暮暮』99枝红玫瑰圣诞节花束推荐鲜花店141	,1
1056,【高风亮节】拉絲弗朗 向日葵小雏菊花束	,1
1059,『锲而不舍』19枝粉玫瑰搭配尤加利花束送老婆送爱人送朋友	,1
1060,『不得不爱』19枝粉玫瑰鲜花满天星韩式混搭花束爆款推荐！！	,1
1061,『白色情人节』-52枝白玫瑰送女友花束 推荐鲜花店	,1
1062,『Recommend S3款』8枝白色玫瑰3枝粉玫送女友鲜花	,1
1063,『爱意浓浓』19枝粉玫瑰搭配2只小熊韩式花束七夕情人节礼盒	,1
1064,『爱情爱情』19枝红玫瑰搭配两朵百合鲜花送女友礼盒	,1
1065,混搭洋桔梗家居鲜花摆设鲜花约300克（仅自取）	,1
1066,19枝粉玫瑰搭配尤加粉色相思豆利花束送女友七夕节	,1
1067,『小美好』混搭绣球韩式花束爱情美好生活团圆送女友花束	,1
1068,『花攒锦簇』30枝康乃馨搭配3枝香槟玫瑰手提花篮	,1
1069,『爱的祝福』11枝粉康乃馨搭配情人草花束七夕礼物鲜花	,1
1070,11支白玫【真爱】	,1
1071,『天使心跳』33枝红玫瑰送女友推荐鲜花店	,1
1072,『情天万里』粉色满天星韩式风婚车装饰鲜花结婚订婚喜事专用	,1
1073,『Goddess D8款』19枝红玫瑰天心礼盒七夕情人节鲜花	,1
1057,『爱在心间』11枝黄玫瑰搭配尤加利花束七夕礼物送女友鲜花	,1
1055,日常家居鲜花3枝向日葵（一公里内配送，不带瓶装。）	,1
1037,『与尔携老』19枝红玫花束七夕节送女友鲜花064	,1
1054,日常家居鲜花小束白色满天星（一公里内配送，不带瓶装。）	,1
1038,『宾客如云』单层开业花篮(一对）	,1
1039,『日常家居鲜花』向日葵小花束（自取款）	,1
1040,『花攒锦聚』9枝黄玫瑰搭配白色满天星花束送女友送老婆鲜花	,1
1041,『花攒锦聚』9枝粉玫瑰搭配粉白满天星花束送女友送老婆鲜花	,1
1042,『生生世世』向日葵搭配玫瑰混搭花束送老师送同学送朋友	,1
1043,『咫尺天涯若比邻』红玫瑰搭配尤加利鲜花送朋友送老婆	,1
1044,『万里挑一』粉玫瑰搭配百合绣球手提鲜花花篮七夕礼物送情人	,1
1045,『Blue A3款』19枝蓝色玫瑰干花+2只小熊七夕节礼物	,1
1046,『店家推荐』随机混搭小型花束仅限自取	,1
1047,【店家推荐】向日葵小花束活动促销爆款仅限取款	,1
1048,『爱的誓言』粉色满天星韩式花束礼物鲜花店长推荐！仅限自取！	,1
1049,粉色满天星花礼手提袋送老师	,1
1051,爱的温暖19枝粉康乃馨搭配尤加利韩式花束母亲节送父母鲜花	,1
1052,『如梦佳人』99枝白玫瑰花束七夕送女友情人节礼物鲜花	,1
1053,爱丽舍高端蓝色满天星搭配9枝白玫瑰大花束 送女友生日礼物	,1
1159,感恩教师节满天星	,1
1160,永生难忘	,1
1161,老师你幸苦了	,1
1260,『伊人夕岸』玫瑰混搭花束送女友送闺蜜生日礼物	,1
1262,迷你小花束(仅自取)	,1
1263,日进斗金三脚架开业花篮婚庆布置结婚礼仪演唱会庆典(一对)	,1
1264,『春光明媚』9枝蓝色妖姬爱心礼盒赠10巧克力圣诞节鲜花店	,1
1265,『花颜月貌』365朵红玫瑰花大鲜花束圣诞节生日礼物鲜花店	,1
1266,『特价促销』向日葵混搭小花束 自取款	,1
1267,默默的爱【33枝粉玫瑰七夕情人节鲜花礼盒】	,1
1268,天荒地老【33枝粉玫瑰搭配粉色满天星七夕情人节表白花束】	,1
1269,『朝朝暮暮』99枝红玫瑰情人节花束推荐鲜花店	,1
1270,无微不至 33朵红康乃馨花束 母亲节送妈妈送亲人送母亲礼物	,1
1271,『爱如潮水』11枝红玫瑰搭配满天星韩式花束送女友告白款	,1
1272,99支红玫瑰（甜蜜之语）	,1
1273,『我爱你』11枝红玫瑰搭配情人草礼盒	,1
1274,『日常家居鲜花』1枝红色康乃馨（一公里内配送，不带瓶装。）	,1
1275,小串灯鲜花装饰用 生日 礼物 告白 资材	,1
1276,双层开业花篮一个	,1
1261,向日葵搭配满天星	,1
1259,『良师益友』3枝向日葵搭配尤加利韩式花束送老师送同学鲜花	,1
1278,『情深似海』粉色满天星鲜花花束 送女友送闺蜜推荐鲜花	,1
1258,『美丽动人』单枝玫瑰送女友送老婆	,1
1243,『日常家居鲜花』3枝绿色雏菊（一公里内配送）	,1
1244,『繁花似锦』99枝红玫瑰花鲜花束送女友情人节礼物生日鲜花店	,1
1245,3枝向日葵搭配桔梗精致花束教师节送老师礼物鲜花	,1
1246,『爱的宣言』19枝红玫瑰搭配尤加利韩式花束七夕礼物送女友鲜花	,1
1247,11枝红玫瑰搭配尤加利韩式混搭花束	,1
1248,『琴心相挑』33枝红玫瑰搭配尤加利情人节七夕礼物鲜花花束	,1
1249,『吾之爱恋』52枝红玫瑰混搭花束送女友情人节鲜花	,1
1250,『目不转睛』 9枝粉玫瑰花束 送女友礼物 花店推荐鲜花	,1
1251,此生有你--52朵红玫瑰满天星黑纱款	,1
1252,小仙女—19朵粉玫瑰尤加利叶	,1
1253,33朵戴安娜加尤加利礼盒	,1
1254,母爱如天 33枝粉红康乃馨混搭 母亲节送妈妈生日鲜花长辈甄选	,1
1255,就想宠着你---六一快乐（零食花束）	,1
1256,『兰质蕙心』三脚架开业花篮婚礼布置结婚礼仪演唱会庆典（一对）	,1
1257,【单拍不送】彩灯一条！需要和花束一起下单！	,1
1277,『特价优惠』一枝向日葵搭配雏菊韩式花束（一公里内配送）	,1
1279,『花红柳绿』33枝粉玫瑰搭配满天星韩式礼盒情人节送女友鲜花	,1
1162,彩掌	,1
1305,永生花钥匙挂	,1
1307,『开业庆典』单层开业花篮	,1
1308,恭喜发财大气发财树绿植盆栽（两颗）	,1
1309,『迎接幸福』13枝郁金香花束	,1
1310,『情思缠绵』33枝粉色玫瑰鲜花送女友礼盒 送女友鲜花	,1
1311,『皓月当空』11枝红玫瑰搭配满天星礼盒爆款送女友	,1
1312,『Classic E1款』52枝粉玫瑰送女友鲜花花束鲜花店	,1
1313,『情比金坚』16枝红玫瑰精致韩式花束七夕情人节礼物鲜花店	,1
1314,『情人知己』9枝红玫瑰搭配满天星礼盒七夕情人节礼物鲜花店	,1
1315,『情意绵绵』12枝红玫瑰搭配满天星礼盒七夕情人节礼物鲜花店	,1
1316,『芯芯相印』1盒心形蜡烛520礼物送女友	,1
1317,『给你的爱』52朵红玫瑰花束 送女友送闺蜜送情人推荐鲜花店	,1
1318,『活动特惠』11只红玫瑰圣诞节花束 花店推荐鲜花 425	,1
1319,『网红爆款』33枝粉玫瑰韩式花束情人节抖音推荐送女友鲜花店	,1
1320,5支小菊4（一公里内免费配送）	,1
1321,5支小菊3（一公里内免费配送）	,1
1306,单支粉玫瑰精致花束	,1
1304,永生花车挂CC款	,1
1280,『夜色阑珊』33枝红玫瑰搭配黄英礼盒七夕节送女友鲜花店	,1
1302,『网红女神款』33枝粉玫瑰白纱花束送女友送闺蜜鲜花	,1
1281,一支鲜花自提	,1
1282,满眼星辰不及你	,1
1283,女王陛下-99枝红玫瑰鲜花520送女友情人节鲜花	,1
1284,『欣欣向荣』3枝向日葵搭配绿叶韩式花束	,1
1285,『初夏』 2枝向日葵+两朵香槟玫瑰搭配桔梗花束	,1
1286,爱你的每一天 希望你天天开心	,1
1287,3枝粉玫瑰小花束 （仅限）	,1
1288,『魂牵梦萦』19枝红玫瑰搭配尤加利抱抱通七夕情人节礼物鲜花店	,1
1289,『爱情爱情』12枝红玫瑰搭配两朵百合鲜花七夕情人节礼盒	,1
1290,『店铺推荐』单束满天星韩式小花束自取款鲜花（颜色可选）	,1
1295,『日常家居鲜花』小束白色洋桔梗（不带瓶装）	,1
1296,『蓝色天空』蓝色月亮满天星花束送爱人老婆	,1
1298,『日常家居鲜花』小束白色满天星（不带瓶装）	,1
1299,『日常家居鲜花』小束紫色雏菊（不带瓶装）	,1
1300,『日常家居鲜花』3枝白百合（不带瓶装）	,1
1242,『日常家居鲜花』3枝白色雏菊（一公里内配送）	,1
1241,『炽天使』礼盒爆款21只红玫瑰七夕送女友情人节礼物鲜花	,1
1240,『风情月意』33枝红玫瑰花束情人节生日礼物鲜花	,1
1180,蝴蝶兰礼盒	,1
1182,【520我爱你】33朵粉玫瑰抱抱桶	,1
1183,【情人节七夕鲜花-天空之境】混搭紫色玫瑰心型高端礼盒送爱人	,1
1184,10向日葵花束	,1
1185,【相爱时光】52枝红玫瑰花束	,1
1186,『程门立雪』精致包装搭配蓝粉满天星花束教师节送老师鲜花	,1
1187,19朵红玫瑰	,1
1188,19朵香槟玫瑰礼盒	,1
1189,『柔情密意』11枝粉玫瑰搭配尤加利叶礼盒七夕情人节礼物鲜花	,1
1190,芊芊细语【52枝粉玫瑰搭配仙女纱七夕表白鲜花花束	,1
1191,『爱的温暖』19枝粉康乃馨搭配尤加利韩式花束母亲节送父母鲜花	,1
1192,为爱停留【33枝蓝色妖姬搭配情人草七夕情人节鲜花花束】	,1
1193,『鸟语花香』11枝香槟玫瑰花搭配满天星圣诞节赠送巧克力礼盒	,1
1194,怦然心动礼盒	,1
1195,情真意切九朵红玫	,1
1196,粉色的温柔，少女情怀	,1
1181,『网红爆款』33枝粉玫瑰韩式花束七夕礼物送女友鲜花店233	,1
1179,『群芳争艳』33朵红玫瑰花束七夕情人节礼物鲜花店	,1
1239,『情投意合』33枝红玫瑰搭配尤加利花束情人节生日礼物鲜花店	,1
1178,『情意绵绵』19朵红玫瑰花束七夕情人节礼物鲜花店	,1
1163,心愿	,1
1164,【魂牵梦萦】·33朵红玫瑰彩灯黑纱花束	,1
1165,【致恩师】教师节单支向日葵手提礼袋	,1
1166,【粉色浪漫】11枝红玫瑰搭配尤加利鲜花花束	,1
1167,19朵红玫瑰花束	,1
1168,『Blue A5款』19枝蓝色玫瑰鲜花儿+配草 礼盒	,1
1169,11朵红玫瑰06	,1
1170,绿色洋桔梗	,1
1171,洋甘菊	,1
1172,『为人师表』19枝粉康乃馨搭配百合混搭花束教师节送老师鲜花	,1
1173,[一日为师]一支向日葵简洁包装手提袋	,1
1174,『情人知己』11朵红玫瑰花束七夕情人节礼物鲜花店	,1
1175,『鸳鸯比翼』11朵红玫瑰花束七夕情人节礼物鲜花店	,1
1176,『情比金坚』19朵红玫瑰花束七夕情人节礼物鲜花店	,1
1177,『亭亭玉立』11朵红玫瑰花束七夕情人节礼物鲜花店	,1
1197,金枝玉叶用心呵护！！	,1
1198,『风姿卓越』简约款 生日花束 鲜花花束 11支白玫瑰搭配叶子	,1
1199,『吉祥开业』三脚架开业花篮婚礼布置结婚礼仪演唱会庆典	,1
1200,99朵戴安娜纯洁纱豪华款赠送皇冠	,1
1220,（健健康康）粉色康乃馨加白色香水百合精美花束	,1
1222,99朵红玫瑰幸福草白色满天星点缀黑纱包装花束	,1
1223,(??ω?)?嘿33朵红玫瑰小黑裙赠送皇冠许愿灯	,1
1224,（天长地久）99朵粉色雪山进口满天星抱抱花束	,1
1225,『黄金满室向日葵+百合+玫瑰+桔梗+尤加利开业花蓝	,1
1226,高品质粉红雪山赠送皇冠	,1
1228,『国色天香』19枝红玫瑰配尤加利花束七夕礼物情人节鲜花	,1
1229,『喜结良缘』11枝红玫瑰搭配桔梗韩式花束七夕情人节礼物鲜花	,1
1230,『我心向阳』 4枝向日葵搭配尤加利韩式花束	,1
1231,『情意绵绵』999枝红玫瑰花束 送闺蜜 送情人 推荐鲜花	,1
1232,『闭月羞花』19枝粉玫瑰花圣诞礼盒搭配满天星生日礼物鲜花店	,1
1233,『一日为师』单枝向日葵搭配康乃馨花束教师节送老师（自取款）	,1
1235,『店长推荐』11枝红玫瑰花搭配尤加利礼盒送女友送闺蜜鲜花店	,1
1236,『网红』11枝红玫瑰搭配尤加利礼盒	,1
1238,『一心一意』11枝红玫瑰花束情人节送女友送闺蜜鲜花店	,1
1219,（珍爱）19朵香槟玫瑰幸福草礼盒	,1
1218,【精品】11朵红玫瑰礼盒送许愿灯卡通小熊一对	,1
1217,[满天星斗]蓝色进口满天星精美手提袋赠送许愿灯	,1
1207,三生三世33朵玫瑰白色满天星赠送皇冠许愿灯	,1
1201,『依依不舍』19朵红玫礼盒许愿灯	,1
1202,龙竹	,1
1203,『红红火火红色扶郎+配叶韩式开业花篮一只	,1
1204,小盆发财树	,1
1205,[一心一意爱你]11朵红玫瑰白色满天星老婆女友热销	,1
1206,【时尚】33朵红玫瑰小黑裙赠送许愿灯	,1
1208,玻璃花瓶四选一备注	,1
1215,精品11朵红玫瑰幸福草礼盒许愿灯	,1
1209,[今生今世的爱]19朵玫瑰白色满天星小黑裙许愿灯赠送皇冠	,1
1210,开业庆典乔迁礼炮	,1
1211,非洲针殿	,1
1212,19朵红玫瑰情人草黑色包装精品花束	,1
1213,『秋风送喜网红大麦开业花篮一只	,1
1214,6支向日葵洋桔梗尤加利香槟玫瑰混搭款	,1
1221,【时尚】11朵红玫瑰礼盒送许愿灯卡通小熊一对	,1
